"Date","Price","Open","High","Low","Vol.","Change %"
"Mar 03, 2019","67.85","67.55","67.90","66.50","-","2.49%"
"Feb 24, 2019","66.20","64.00","66.50","62.20","2.25M","4.09%"
"Feb 17, 2019","63.60","60.75","64.10","60.75","1.91M","4.35%"
"Feb 10, 2019","60.95","62.00","63.10","60.05","2.47M","-1.53%"
"Feb 03, 2019","61.90","64.85","65.60","56.25","8.03M","-3.73%"
"Jan 27, 2019","64.30","66.50","66.75","63.00","3.59M","-3.31%"
"Jan 20, 2019","66.50","71.30","72.10","66.25","3.17M","-5.94%"
"Jan 13, 2019","70.70","69.15","71.10","67.65","3.33M","3.06%"
"Jan 06, 2019","68.60","72.50","72.95","68.10","3.81M","-3.85%"
"Dec 30, 2018","71.35","72.10","74.75","70.10","4.84M","-0.97%"
"Dec 23, 2018","72.05","69.80","72.85","69.35","4.77M","3.22%"
"Dec 16, 2018","69.80","67.00","71.95","66.50","4.61M","4.96%"
"Dec 09, 2018","66.50","65.85","67.85","61.55","4.86M","0.76%"
"Dec 02, 2018","66.00","68.50","71.35","64.40","5.70M","-4.07%"
"Nov 25, 2018","68.80","66.60","70.20","65.70","3.15M","4.08%"
"Nov 18, 2018","66.10","66.90","68.15","65.90","2.21M","-0.83%"
"Nov 11, 2018","66.65","70.10","70.45","65.25","4.74M","-4.65%"
"Nov 04, 2018","69.90","71.25","71.45","69.05","3.04M","-4.31%"
"Oct 28, 2018","73.05","68.45","73.90","66.60","8.38M","8.38%"
"Oct 21, 2018","67.40","74.50","76.50","67.25","7.12M","-8.30%"
"Oct 14, 2018","73.50","75.40","77.55","72.60","1.64M","-1.87%"
"Oct 07, 2018","74.90","70.00","76.40","68.00","3.10M","6.09%"
"Sep 30, 2018","70.60","68.85","76.30","66.35","3.63M","3.22%"
"Sep 23, 2018","68.40","72.10","73.05","67.90","2.70M","-4.34%"
"Sep 16, 2018","71.50","76.95","76.95","67.70","3.29M","-7.14%"
"Sep 09, 2018","77.00","79.00","79.95","75.05","3.66M","-2.78%"
"Sep 02, 2018","79.20","81.30","83.25","75.50","5.69M","-1.74%"
"Aug 26, 2018","80.60","81.00","82.65","76.60","5.41M","0.56%"
"Aug 19, 2018","80.15","74.10","80.70","73.20","3.64M","8.53%"
"Aug 12, 2018","73.85","73.00","74.55","71.80","1.36M","1.10%"
"Aug 05, 2018","73.05","74.00","75.65","72.60","2.52M","-1.15%"
"Jul 29, 2018","73.90","71.35","74.70","71.30","3.83M","3.87%"
"Jul 22, 2018","71.15","67.95","78.30","67.10","7.89M","5.33%"
"Jul 15, 2018","67.55","67.20","68.55","64.50","2.85M","0.60%"
"Jul 08, 2018","67.15","70.75","72.45","66.95","2.51M","-4.41%"
"Jul 01, 2018","70.25","71.75","72.50","67.60","2.74M","-2.09%"
"Jun 24, 2018","71.75","74.70","75.35","69.45","2.60M","-4.33%"
"Jun 17, 2018","75.00","75.30","76.50","73.90","2.29M","-0.27%"
"Jun 10, 2018","75.20","77.60","79.50","74.60","2.33M","-2.78%"
"Jun 03, 2018","77.35","80.25","80.90","72.65","3.85M","-3.73%"
"May 27, 2018","80.35","75.60","86.80","75.55","9.25M","7.13%"
"May 20, 2018","75.00","76.10","76.85","73.95","2.26M","-2.02%"
"May 13, 2018","76.55","80.75","81.40","76.10","2.60M","-5.20%"
"May 06, 2018","80.75","84.20","84.95","80.10","1.88M","-4.32%"
"Apr 29, 2018","84.40","86.05","89.55","84.00","1.04M","-2.60%"
"Apr 22, 2018","86.65","90.40","90.40","84.55","1.40M","-2.75%"
"Apr 15, 2018","89.10","88.25","90.05","86.95","1.32M","1.08%"
"Apr 08, 2018","88.15","87.40","91.10","87.35","1.85M","0.86%"
"Apr 01, 2018","87.40","81.65","87.75","81.65","2.20M","7.37%"
"Mar 25, 2018","81.40","81.65","84.55","80.65","1.30M","0.06%"
"Mar 18, 2018","81.35","86.65","86.85","79.50","2.61M","-5.68%"
"Mar 11, 2018","86.25","87.00","88.50","85.10","3.66M","0.00%"
"Mar 04, 2018","86.25","90.50","91.70","83.80","4.35M","-4.91%"
"Feb 25, 2018","90.70","92.90","94.40","89.00","2.47M","-2.37%"
"Feb 18, 2018","92.90","94.50","95.40","89.15","2.74M","-1.48%"
"Feb 11, 2018","94.30","95.00","99.15","93.95","3.30M","-0.32%"
"Feb 04, 2018","94.60","92.70","98.65","88.80","6.52M","1.39%"
"Jan 28, 2018","93.30","103.50","104.15","91.70","4.51M","-9.64%"
"Jan 21, 2018","103.25","98.00","108.00","97.55","8.16M","5.90%"
"Jan 14, 2018","97.50","102.95","104.05","95.70","4.90M","-5.06%"
"Jan 07, 2018","102.70","102.70","105.50","99.30","6.40M","0.24%"
"Dec 31, 2017","102.45","92.90","103.45","92.70","8.48M","10.64%"
"Dec 24, 2017","92.60","94.80","94.80","91.90","2.95M","0.43%"
"Dec 17, 2017","92.20","90.50","93.40","86.85","9.71M","2.56%"
"Dec 10, 2017","89.90","92.10","92.65","88.20","2.78M","-2.55%"
"Dec 03, 2017","92.25","91.15","93.90","88.60","3.24M","1.54%"
"Nov 26, 2017","90.85","92.00","94.95","90.55","8.50M","-1.57%"
"Nov 19, 2017","92.30","87.80","94.30","85.90","6.08M","5.19%"
"Nov 12, 2017","87.75","92.30","93.00","86.70","3.27M","-4.93%"
"Nov 05, 2017","92.30","100.45","100.80","89.60","8.78M","-7.75%"
"Oct 29, 2017","100.05","96.00","101.50","94.25","7.14M","5.09%"
"Oct 22, 2017","95.20","84.90","101.40","84.00","7.85M","12.26%"
"Oct 15, 2017","84.80","84.55","85.40","83.70","2.11M","0.41%"
"Oct 08, 2017","84.45","84.90","87.30","83.90","2.63M","-0.53%"
"Oct 01, 2017","84.90","85.00","85.20","82.55","2.29M","1.07%"
"Sep 24, 2017","84.00","86.50","86.67","82.30","5.27M","-2.89%"
"Sep 17, 2017","86.50","90.17","90.43","86.27","5.25M","-1.70%"
"Sep 10, 2017","88.00","86.33","97.20","85.33","11.15M","3.29%"
"Sep 03, 2017","85.20","87.33","88.60","84.87","2.49M","-1.73%"
"Aug 27, 2017","86.70","84.63","86.90","84.23","1.33M","2.20%"
"Aug 20, 2017","84.83","86.60","87.40","82.63","2.08M","-1.93%"
"Aug 13, 2017","86.50","85.33","87.87","83.53","2.62M","3.68%"
"Aug 06, 2017","83.43","92.00","93.47","80.93","5.71M","-9.05%"
"Jul 30, 2017","91.73","96.60","97.90","90.93","2.42M","-4.18%"
"Jul 23, 2017","95.73","96.67","98.13","94.00","2.06M","-1.03%"
"Jul 16, 2017","96.73","93.77","98.17","93.43","3.49M","3.20%"
"Jul 09, 2017","93.73","90.37","95.43","90.37","9.23M","3.91%"
"Jul 02, 2017","90.20","90.20","91.93","89.00","2.43M","-0.03%"
"Jun 25, 2017","90.23","89.67","92.80","87.33","2.10M","0.40%"
"Jun 18, 2017","89.87","92.30","92.90","88.27","2.07M","-2.66%"
"Jun 11, 2017","92.33","91.87","94.10","91.17","6.38M","-0.18%"
"Jun 04, 2017","92.50","93.67","94.53","91.37","3.00M","-1.10%"
"May 28, 2017","93.53","106.37","106.93","89.10","10.75M","-11.43%"
"May 21, 2017","105.60","110.07","110.83","99.27","13.59M","-3.47%"
"May 14, 2017","109.40","114.00","115.83","108.20","2.82M","-4.09%"
"May 07, 2017","114.07","115.03","119.37","113.63","3.48M","-0.83%"
"Apr 30, 2017","115.03","117.47","118.33","114.20","2.05M","-1.79%"
"Apr 23, 2017","117.13","117.33","121.77","115.70","5.52M","0.34%"
"Apr 16, 2017","116.73","115.33","118.73","111.93","3.83M","0.98%"
"Apr 09, 2017","115.60","116.70","118.87","114.77","8.66M","-0.83%"
"Apr 02, 2017","116.57","109.27","120.53","108.73","9.54M","7.21%"
"Mar 26, 2017","108.73","111.33","113.53","108.40","3.30M","-2.46%"
"Mar 19, 2017","111.47","112.67","114.67","109.87","3.06M","-0.71%"
"Mar 12, 2017","112.27","108.33","114.37","106.77","6.13M","6.55%"
"Mar 05, 2017","105.37","105.67","109.47","104.40","3.89M","-0.06%"
"Feb 26, 2017","105.43","102.00","109.60","101.23","6.26M","3.03%"
"Feb 19, 2017","102.33","102.17","105.17","101.33","4.01M","0.06%"
"Feb 12, 2017","102.27","105.27","105.27","99.17","5.28M","-2.63%"
"Feb 05, 2017","105.03","95.70","106.33","93.70","18.87M","10.36%"
"Jan 29, 2017","95.17","92.90","95.47","90.67","5.22M","2.63%"
"Jan 22, 2017","92.73","86.33","94.67","84.87","5.75M","7.74%"
"Jan 15, 2017","86.07","86.00","89.67","85.10","4.34M","0.28%"
"Jan 08, 2017","85.83","84.33","87.07","84.13","3.59M","1.85%"
"Jan 01, 2017","84.27","80.67","85.83","80.57","3.68M","4.42%"
"Dec 25, 2016","80.70","79.67","81.03","77.43","2.59M","1.64%"
"Dec 18, 2016","79.40","82.03","82.27","78.87","2.57M","-3.02%"
"Dec 11, 2016","81.87","86.30","86.30","81.67","4.39M","-4.88%"
"Dec 04, 2016","86.07","85.10","86.97","83.77","3.62M","1.65%"
"Nov 27, 2016","84.67","84.67","87.63","84.27","3.89M","0.12%"
"Nov 20, 2016","84.57","90.03","90.17","81.73","8.06M","-5.48%"
"Nov 13, 2016","89.47","91.13","92.00","87.33","3.50M","-1.65%"
"Nov 06, 2016","90.97","90.00","97.90","86.00","9.25M","1.16%"
"Oct 30, 2016","89.93","93.33","95.63","89.33","3.11M","-2.85%"
"Oct 23, 2016","92.57","94.67","95.00","90.83","2.91M","-2.01%"
"Oct 16, 2016","94.47","88.73","95.63","86.70","7.02M","6.39%"
"Oct 09, 2016","88.80","90.63","91.03","87.57","2.69M","-1.74%"
"Oct 02, 2016","90.37","90.67","93.27","89.80","6.85M","0.67%"
"Sep 25, 2016","89.77","97.60","97.93","86.27","8.13M","-7.90%"
"Sep 18, 2016","97.47","99.20","100.47","95.70","7.42M","-0.34%"
"Sep 11, 2016","97.80","100.60","102.47","96.70","8.84M","-4.74%"
"Sep 04, 2016","102.67","91.07","108.53","89.57","23.05M","12.74%"
"Aug 28, 2016","91.07","92.67","94.83","89.33","4.15M","-2.08%"
"Aug 21, 2016","93.00","94.33","97.37","90.37","6.93M","-1.69%"
"Aug 14, 2016","94.60","93.00","95.27","90.43","3.16M","2.60%"
"Aug 07, 2016","92.20","92.20","94.73","89.60","6.34M","0.40%"
"Jul 31, 2016","91.83","97.33","99.33","88.10","6.44M","-5.52%"
"Jul 24, 2016","97.20","94.00","100.83","93.73","6.39M","3.37%"
"Jul 17, 2016","94.03","95.20","96.53","91.50","5.50M","-1.23%"
"Jul 10, 2016","95.20","93.50","97.90","91.03","5.66M","3.59%"
"Jul 03, 2016","91.90","88.70","94.67","88.70","7.78M","4.51%"
"Jun 26, 2016","87.93","79.33","88.57","79.00","7.68M","11.54%"
"Jun 19, 2016","78.83","80.07","83.17","75.93","4.94M","-3.31%"
"Jun 12, 2016","81.53","81.00","82.57","79.63","4.18M","-1.09%"
"Jun 05, 2016","82.43","78.93","84.20","78.07","6.82M","4.83%"
"May 29, 2016","78.63","82.53","83.83","78.07","7.20M","-8.00%"
"May 22, 2016","85.47","79.50","87.97","77.17","8.28M","7.51%"
"May 15, 2016","79.50","82.47","82.90","78.80","4.71M","-2.81%"
"May 08, 2016","81.80","84.83","86.83","81.67","4.46M","-3.20%"
"May 01, 2016","84.50","83.50","86.43","79.37","5.35M","1.08%"
"Apr 24, 2016","83.60","84.00","87.50","82.20","5.77M","-1.80%"
"Apr 17, 2016","85.13","89.43","89.80","84.27","5.47M","-4.24%"
"Apr 10, 2016","88.90","82.20","90.27","82.20","7.46M","8.91%"
"Apr 03, 2016","81.63","78.07","81.97","74.87","14.58M","4.75%"
"Mar 27, 2016","77.93","78.27","80.40","73.67","6.16M","0.30%"
"Mar 20, 2016","77.70","75.93","78.53","74.07","4.96M","2.82%"
"Mar 13, 2016","75.57","69.83","76.17","68.60","8.30M","9.36%"
"Mar 06, 2016","69.10","71.50","74.00","68.57","7.12M","-3.36%"
"Feb 28, 2016","71.50","64.00","71.97","60.27","14.66M","12.78%"
"Feb 21, 2016","63.40","69.20","69.20","60.93","10.53M","-6.67%"
"Feb 14, 2016","67.93","71.77","73.67","65.83","12.27M","-2.54%"
"Feb 07, 2016","69.70","89.80","91.87","68.27","7.98M","-21.27%"
"Jan 31, 2016","88.53","93.33","96.50","84.87","4.83M","-4.36%"
"Jan 24, 2016","92.57","98.67","100.93","90.70","2.62M","-5.73%"
"Jan 17, 2016","98.20","90.67","98.67","87.93","4.40M","7.91%"
"Jan 10, 2016","91.00","102.00","102.27","90.33","3.47M","-11.19%"
"Jan 03, 2016","102.47","113.93","116.67","101.53","9.54M","-10.11%"
"Dec 27, 2015","114.00","116.00","116.20","110.97","2.16M","-0.87%"
"Dec 20, 2015","115.00","110.73","116.40","110.20","2.25M","3.39%"
"Dec 13, 2015","111.23","110.67","113.40","109.50","2.15M","0.84%"
"Dec 06, 2015","110.30","113.33","114.00","109.40","3.13M","-1.89%"
"Nov 29, 2015","112.43","118.53","118.80","110.90","2.81M","-4.15%"
"Nov 22, 2015","117.30","118.00","119.33","115.33","1.90M","-0.17%"
"Nov 15, 2015","117.50","118.67","121.00","115.97","3.24M","-0.90%"
"Nov 08, 2015","118.57","125.33","126.67","117.90","3.05M","-7.27%"
"Nov 01, 2015","127.87","132.57","135.53","122.90","4.54M","-3.55%"
"Oct 25, 2015","132.57","140.67","146.47","131.87","4.01M","-5.19%"
"Oct 18, 2015","139.83","142.33","144.40","138.50","2.19M","-1.72%"
"Oct 11, 2015","142.27","135.33","142.67","134.47","4.23M","5.62%"
"Oct 04, 2015","134.70","134.00","137.57","131.43","4.50M","1.18%"
"Sep 27, 2015","133.13","132.07","138.67","128.07","2.86M","1.03%"
"Sep 20, 2015","131.77","138.27","140.00","128.77","3.46M","-5.39%"
"Sep 13, 2015","139.27","142.60","142.93","137.67","1.99M","-1.35%"
"Sep 06, 2015","141.17","137.77","145.57","132.10","9.21M","2.47%"
"Aug 30, 2015","137.77","154.40","155.50","136.10","3.47M","-11.91%"
"Aug 23, 2015","156.40","163.33","163.33","143.13","3.61M","-5.77%"
"Aug 16, 2015","165.97","174.03","176.10","162.53","1.67M","-4.85%"
"Aug 09, 2015","174.43","174.00","182.50","168.40","3.72M","-1.56%"
"Aug 02, 2015","177.20","185.33","191.93","168.57","5.54M","-4.63%"
"Jul 26, 2015","185.80","186.90","193.07","180.70","1.88M","-0.59%"
"Jul 19, 2015","186.90","190.53","193.23","186.33","1.76M","-1.77%"
"Jul 12, 2015","190.27","178.67","191.00","176.93","2.38M","6.16%"
"Jul 05, 2015","179.23","170.00","180.40","166.00","2.94M","4.08%"
"Jun 28, 2015","172.20","165.33","174.67","162.07","2.03M","3.01%"
"Jun 21, 2015","167.17","163.13","173.23","161.67","2.88M","3.83%"
"Jun 14, 2015","161.00","166.00","167.53","158.90","19.37M","-2.60%"
"Jun 07, 2015","165.30","164.73","169.00","160.20","4.18M","0.61%"
"May 31, 2015","164.30","166.67","171.50","160.63","2.30M","-2.04%"
"May 24, 2015","167.73","154.83","170.13","153.00","4.54M","7.54%"
"May 17, 2015","155.97","154.20","159.97","151.80","1.35M","1.43%"
"May 10, 2015","153.77","154.77","158.73","147.73","2.15M","-0.28%"
"May 03, 2015","154.20","160.00","165.60","149.53","2.16M","-2.49%"
"Apr 26, 2015","158.13","155.57","160.67","150.00","1.99M","1.58%"
"Apr 19, 2015","155.67","156.57","157.27","148.70","1.90M","-0.57%"
"Apr 12, 2015","156.57","157.03","162.60","153.00","2.22M","0.00%"
"Apr 05, 2015","156.57","153.93","159.53","151.87","5.54M","1.32%"
"Mar 29, 2015","154.53","156.00","161.47","153.47","1.82M","-0.32%"
"Mar 22, 2015","155.03","164.53","164.53","151.97","2.98M","-5.37%"
"Mar 15, 2015","163.83","170.67","177.93","163.33","2.32M","-3.48%"
"Mar 08, 2015","169.73","179.33","179.33","169.07","2.62M","-5.53%"
"Mar 01, 2015","179.67","176.00","185.47","175.87","2.93M","-0.50%"
"Feb 22, 2015","180.57","184.67","187.77","174.93","3.63M","-1.58%"
"Feb 15, 2015","183.47","173.03","184.27","170.00","3.25M","6.03%"
"Feb 08, 2015","173.03","174.00","179.67","167.33","5.28M","-1.76%"
"Feb 01, 2015","176.13","194.53","199.67","175.60","2.72M","-9.46%"
"Jan 25, 2015","194.53","189.47","198.23","182.13","2.78M","4.60%"
"Jan 18, 2015","185.97","183.20","192.20","182.63","2.95M","1.79%"
"Jan 11, 2015","182.70","170.00","183.80","168.97","3.53M","7.64%"
"Jan 04, 2015","169.73","184.20","185.60","166.83","2.20M","-7.55%"
"Dec 28, 2014","183.60","168.67","184.43","168.67","2.37M","9.40%"
"Dec 21, 2014","167.83","173.33","179.73","167.00","2.46M","-2.75%"
"Dec 14, 2014","172.57","163.37","176.90","160.37","3.77M","4.80%"
"Dec 07, 2014","164.67","182.00","183.53","162.67","5.32M","-9.17%"
"Nov 30, 2014","181.30","188.60","188.63","180.00","2.91M","-3.97%"
"Nov 23, 2014","188.80","168.67","191.33","168.50","6.58M","12.05%"
"Nov 16, 2014","168.50","162.67","171.20","160.33","3.44M","2.66%"
"Nov 09, 2014","164.13","166.47","170.67","157.50","4.04M","-1.17%"
"Nov 02, 2014","166.07","171.80","174.33","165.40","2.03M","-2.60%"
"Oct 26, 2014","170.50","161.67","172.27","161.67","5.39M","6.54%"
"Oct 19, 2014","160.03","153.77","162.67","149.77","3.13M","5.96%"
"Oct 12, 2014","151.03","145.30","153.00","144.00","4.54M","2.58%"
"Oct 05, 2014","147.23","133.60","149.87","130.07","5.37M","10.62%"
"Sep 28, 2014","133.10","137.60","140.67","132.53","2.03M","-2.73%"
"Sep 21, 2014","136.83","150.30","150.33","133.57","4.30M","-9.52%"
"Sep 14, 2014","151.23","146.00","154.87","143.33","3.70M","2.86%"
"Sep 07, 2014","147.03","149.83","150.67","144.17","3.55M","-1.37%"
"Aug 31, 2014","149.07","160.13","162.30","147.70","4.18M","-7.12%"
"Aug 24, 2014","160.50","152.67","162.53","149.67","4.07M","5.80%"
"Aug 17, 2014","151.70","140.67","154.60","140.67","3.74M","7.06%"
"Aug 10, 2014","141.70","148.67","150.00","136.67","4.69M","-4.08%"
"Aug 03, 2014","147.73","150.37","156.27","147.03","3.93M","-1.18%"
"Jul 27, 2014","149.50","151.33","156.30","148.73","2.34M","-1.14%"
"Jul 20, 2014","151.23","159.73","160.97","148.50","3.31M","-4.66%"
"Jul 13, 2014","158.63","149.27","163.03","146.73","4.43M","6.51%"
"Jul 06, 2014","148.93","175.67","177.60","147.67","8.18M","-15.01%"
"Jun 29, 2014","175.23","164.00","175.67","163.90","4.38M","7.33%"
"Jun 22, 2014","163.27","159.50","170.27","159.00","5.06M","2.49%"
"Jun 15, 2014","159.30","158.67","166.67","154.90","5.28M","0.52%"
"Jun 08, 2014","158.47","176.67","177.70","155.63","6.76M","-9.50%"
"Jun 01, 2014","175.10","161.33","176.00","161.33","7.27M","8.47%"
"May 25, 2014","161.43","182.00","194.33","160.47","11.08M","-11.12%"
"May 18, 2014","181.63","154.00","191.87","154.00","13.93M","18.77%"
"May 11, 2014","152.93","129.67","156.00","129.67","12.87M","18.34%"
"May 04, 2014","129.23","120.63","129.77","117.93","2.93M","7.49%"
"Apr 27, 2014","120.23","126.90","127.77","118.40","2.60M","-5.46%"
"Apr 20, 2014","127.17","121.33","130.17","121.33","3.02M","5.36%"
"Apr 13, 2014","120.70","123.33","123.73","115.33","1.93M","-2.16%"
"Apr 06, 2014","123.37","120.67","125.27","116.67","2.52M","0.60%"
"Mar 30, 2014","122.63","133.40","134.47","121.70","3.22M","-7.71%"
"Mar 23, 2014","132.87","125.33","134.63","124.47","4.32M","6.24%"
"Mar 16, 2014","125.07","124.23","128.93","122.43","1.99M","0.03%"
"Mar 09, 2014","125.03","121.73","128.60","119.10","4.04M","2.09%"
"Mar 02, 2014","122.47","112.00","124.00","107.60","175.82M","9.87%"
"Feb 23, 2014","111.47","101.27","112.20","100.13","2.83M","11.10%"
"Feb 16, 2014","100.33","98.90","101.67","97.47","2.25M","1.42%"
"Feb 09, 2014","98.93","104.00","105.80","97.17","3.08M","-4.60%"
"Feb 02, 2014","103.70","113.33","115.57","102.27","4.84M","-10.01%"
"Jan 26, 2014","115.23","107.67","116.67","106.77","3.21M","4.69%"
"Jan 19, 2014","110.07","114.37","116.00","109.40","13.73M","-3.62%"
"Jan 12, 2014","114.20","109.03","114.90","107.70","5.83M","5.38%"
"Jan 05, 2014","108.37","110.00","113.33","107.40","4.79M","-2.13%"
"Dec 29, 2013","110.73","115.33","120.80","109.53","3.94M","-4.13%"
"Dec 22, 2013","115.50","111.27","117.30","110.43","3.21M","4.65%"
"Dec 15, 2013","110.37","103.00","110.87","102.00","4.98M","6.92%"
"Dec 08, 2013","103.23","117.00","118.20","102.80","5.43M","-9.63%"
"Dec 01, 2013","114.23","105.07","116.97","104.47","6.97M","9.80%"
"Nov 24, 2013","104.03","92.07","105.57","92.07","9.11M","13.91%"
"Nov 17, 2013","91.33","90.87","96.33","90.60","3.88M","0.95%"
"Nov 10, 2013","90.47","90.13","91.13","87.37","2.35M","0.19%"
"Nov 03, 2013","90.30","96.00","96.67","87.67","8.97M","-5.57%"
"Oct 27, 2013","95.63","92.13","96.90","87.53","6.01M","4.59%"
"Oct 20, 2013","91.43","98.37","99.53","90.80","4.98M","-7.30%"
"Oct 13, 2013","98.63","97.77","101.27","94.33","4.28M","0.61%"
"Oct 06, 2013","98.03","95.93","99.63","94.77","4.35M","2.15%"
"Sep 29, 2013","95.97","94.47","97.80","90.33","5.65M","0.00%"
"Sep 22, 2013","95.97","89.70","101.70","84.90","14.36M","6.43%"
"Sep 15, 2013","90.17","96.33","97.27","84.27","10.88M","-4.98%"
"Sep 08, 2013","94.90","96.20","97.60","89.07","7.92M","0.56%"
"Sep 01, 2013","94.37","79.80","95.20","79.00","11.48M","19.20%"
"Aug 25, 2013","79.17","78.67","84.60","70.03","15.14M","2.29%"
"Aug 18, 2013","77.40","70.67","78.23","66.90","15.00M","9.59%"
"Aug 11, 2013","70.63","80.00","82.50","69.83","7.92M","-9.88%"
"Aug 04, 2013","78.37","92.67","94.67","74.73","12.44M","-21.32%"
"Jul 28, 2013","99.60","106.67","107.17","98.63","3.14M","-5.92%"
"Jul 21, 2013","105.87","115.33","115.67","104.07","6.06M","-8.60%"
"Jul 14, 2013","115.83","125.33","126.60","114.87","3.99M","-7.51%"
"Jul 07, 2013","125.23","118.67","126.27","116.10","2.78M","5.24%"
"Jun 30, 2013","119.00","117.13","123.67","115.43","2.74M","2.41%"
"Jun 23, 2013","116.20","113.57","116.67","108.07","2.92M","2.14%"
"Jun 16, 2013","113.77","118.53","122.80","112.00","2.62M","-3.26%"
"Jun 09, 2013","117.60","127.53","128.07","116.13","2.59M","-7.06%"
"Jun 02, 2013","126.53","133.33","134.47","126.13","2.32M","-5.08%"
"May 26, 2013","133.30","128.47","137.33","125.07","3.79M","3.68%"
"May 19, 2013","128.57","135.47","138.60","126.97","4.41M","-4.22%"
"May 12, 2013","134.23","130.67","135.93","125.27","2.46M","2.47%"
"May 05, 2013","131.00","127.60","132.23","127.60","2.42M","2.61%"
"Apr 28, 2013","127.67","126.37","129.57","125.17","1.89M","1.38%"
"Apr 21, 2013","125.93","124.40","129.67","124.30","2.43M","1.72%"
"Apr 14, 2013","123.80","119.17","124.17","118.40","2.25M","3.49%"
"Apr 07, 2013","119.63","119.33","123.57","117.33","4.06M","0.98%"
"Mar 31, 2013","118.47","118.83","126.17","117.67","3.04M","0.42%"
"Mar 24, 2013","117.97","122.00","122.67","116.33","1.93M","-1.69%"
"Mar 17, 2013","120.00","131.50","131.80","118.67","4.64M","-9.11%"
"Mar 10, 2013","132.03","139.13","139.13","130.80","2.59M","-4.46%"
"Mar 03, 2013","138.20","133.83","139.00","132.27","3.21M","3.19%"
"Feb 24, 2013","133.93","137.13","140.00","132.33","3.37M","-1.95%"
"Feb 17, 2013","136.60","136.40","142.30","135.90","2.97M","-0.12%"
"Feb 10, 2013","136.77","140.00","140.47","135.10","1.99M","-1.60%"
"Feb 03, 2013","139.00","151.20","151.40","136.33","4.81M","-7.48%"
"Jan 27, 2013","150.23","153.63","154.13","144.90","5.19M","-1.81%"
"Jan 20, 2013","153.00","151.03","155.53","150.83","2.48M","1.30%"
"Jan 13, 2013","151.03","152.00","154.63","148.17","3.28M","-0.26%"
"Jan 06, 2013","151.43","162.33","163.60","150.83","3.25M","-6.29%"
"Dec 30, 2012","161.60","152.00","162.30","150.67","3.15M","6.58%"
"Dec 23, 2012","151.63","151.47","154.50","150.20","1.38M","-0.09%"
"Dec 16, 2012","151.77","150.13","156.50","146.93","3.54M","1.23%"
"Dec 09, 2012","149.93","162.67","164.00","148.70","3.73M","-7.41%"
"Dec 02, 2012","161.93","155.93","165.00","154.67","3.35M","4.09%"
"Nov 25, 2012","155.57","150.00","156.47","147.00","3.17M","3.87%"
"Nov 18, 2012","149.77","153.80","155.17","146.20","2.43M","-2.30%"
"Nov 11, 2012","153.30","155.33","157.90","152.60","1.02M","-1.01%"
"Nov 04, 2012","154.87","152.53","159.67","152.53","2.31M","1.37%"
"Oct 28, 2012","152.77","162.17","163.33","148.23","6.23M","-5.41%"
"Oct 21, 2012","161.50","160.33","163.10","158.73","2.13M","0.06%"
"Oct 14, 2012","161.40","163.03","168.47","160.47","3.37M","-1.33%"
"Oct 07, 2012","163.57","175.33","175.33","160.93","5.01M","-6.76%"
"Sep 30, 2012","175.43","164.67","181.63","164.67","6.57M","6.60%"
"Sep 23, 2012","164.57","156.60","170.53","156.00","10.07M","6.26%"
"Sep 16, 2012","154.87","138.80","155.60","138.40","7.02M","13.54%"
"Sep 09, 2012","136.40","135.33","137.67","130.03","7.45M","-0.12%"
"Sep 02, 2012","136.57","144.00","146.27","134.00","4.90M","-4.43%"
"Aug 26, 2012","142.90","155.33","155.33","141.00","2.37M","-7.27%"
"Aug 19, 2012","154.10","153.67","156.90","152.40","1.85M","0.92%"
"Aug 12, 2012","152.70","152.63","156.47","151.27","1.69M","0.11%"
"Aug 05, 2012","152.53","151.17","157.00","150.93","2.47M","1.84%"
"Jul 29, 2012","149.77","139.33","150.17","139.33","3.74M","7.88%"
"Jul 22, 2012","138.83","150.87","150.87","138.07","4.85M","-9.01%"
"Jul 15, 2012","152.57","155.97","160.00","148.07","3.61M","-1.06%"
"Jul 08, 2012","154.20","157.27","157.60","152.97","2.27M","-2.08%"
"Jul 01, 2012","157.47","156.00","158.00","153.63","3.37M","1.77%"
"Jun 24, 2012","154.73","148.90","155.27","144.33","4.80M","4.97%"
"Jun 17, 2012","147.40","147.80","150.23","140.30","5.89M","1.15%"
"Jun 10, 2012","145.73","149.10","150.27","142.40","4.03M","-1.20%"
"Jun 03, 2012","147.50","136.87","148.00","135.43","4.03M","7.04%"
"May 27, 2012","137.80","139.80","147.47","137.33","4.66M","-0.81%"
"May 20, 2012","138.93","135.67","142.40","134.27","7.64M","3.47%"
"May 13, 2012","134.27","147.73","149.27","131.87","6.60M","-8.93%"
"May 06, 2012","147.43","140.07","152.60","139.00","7.59M","3.29%"
"Apr 29, 2012","142.73","150.93","152.30","141.00","6.09M","-6.10%"
"Apr 22, 2012","152.00","164.00","165.47","151.33","6.54M","-7.33%"
"Apr 15, 2012","164.03","172.00","177.87","162.50","5.79M","-4.73%"
"Apr 08, 2012","172.17","181.27","181.27","166.67","4.97M","-5.59%"
"Apr 01, 2012","182.37","172.00","182.97","169.07","5.68M","6.46%"
"Mar 25, 2012","171.30","176.80","177.67","164.17","6.08M","-3.44%"
"Mar 18, 2012","177.40","182.00","183.20","170.33","7.12M","-2.73%"
"Mar 11, 2012","182.37","188.63","198.30","180.00","5.74M","-1.78%"
"Mar 04, 2012","185.67","195.17","199.73","176.00","5.48M","-6.10%"
"Feb 26, 2012","197.73","202.73","215.80","190.83","8.31M","-2.44%"
"Feb 19, 2012","202.67","205.73","218.90","200.67","8.67M","0.18%"
"Feb 12, 2012","202.30","174.37","217.00","172.33","14.52M","16.67%"
"Feb 05, 2012","173.40","178.30","182.90","171.93","4.63M","-1.40%"
"Jan 29, 2012","175.87","173.20","181.60","160.83","13.56M","-3.60%"
"Jan 22, 2012","182.43","182.00","191.47","179.50","3.95M","-0.02%"
"Jan 15, 2012","182.47","176.00","189.97","175.70","3.71M","2.59%"
"Jan 08, 2012","177.87","167.33","181.27","164.27","3.47M","6.72%"
"Jan 01, 2012","166.67","159.33","173.33","155.67","3.55M","4.61%"
"Dec 25, 2011","159.33","162.53","165.17","155.43","3.17M","-1.22%"
"Dec 18, 2011","161.30","160.97","164.40","150.00","5.38M","0.62%"
"Dec 11, 2011","160.30","179.33","179.33","158.67","5.38M","-8.96%"
"Dec 04, 2011","176.07","188.33","194.67","173.57","2.49M","-6.49%"
"Nov 27, 2011","188.30","184.67","197.00","181.20","3.72M","4.67%"
"Nov 20, 2011","179.90","183.97","185.47","164.13","5.85M","-2.21%"
"Nov 13, 2011","183.97","218.33","218.83","178.13","4.65M","-14.86%"
"Nov 06, 2011","216.07","224.27","226.67","212.43","844.58K","-2.86%"
"Oct 30, 2011","222.43","219.33","225.93","210.07","2.78M","1.97%"
"Oct 23, 2011","218.13","216.60","219.20","209.33","1.67M","2.33%"
"Oct 16, 2011","213.17","225.87","225.87","210.73","1.49M","-4.08%"
"Oct 09, 2011","222.23","217.33","229.33","214.80","1.63M","2.92%"
"Oct 02, 2011","215.93","212.07","218.60","207.00","1.13M","-1.08%"
"Sep 25, 2011","218.29","215.20","224.25","210.13","3.17M","2.34%"
"Sep 18, 2011","213.30","223.97","223.97","210.00","4.48M","-5.14%"
"Sep 11, 2011","224.86","228.70","235.33","224.00","3.30M","-3.04%"
"Sep 04, 2011","231.91","231.33","242.67","226.23","2.47M","0.13%"
"Aug 28, 2011","231.60","233.47","242.40","228.80","1.50M","0.03%"
"Aug 21, 2011","231.53","224.67","237.47","223.01","2.79M","3.16%"
"Aug 14, 2011","224.43","232.13","239.57","223.65","2.18M","-2.59%"
"Aug 07, 2011","230.39","225.60","239.03","221.60","4.28M","0.69%"
"Jul 31, 2011","228.80","247.33","248.13","227.24","4.14M","-6.65%"
"Jul 24, 2011","245.11","263.20","270.00","240.27","8.14M","-6.82%"
"Jul 17, 2011","263.05","258.53","265.67","256.27","2.07M","2.55%"
"Jul 10, 2011","256.51","264.00","264.27","255.60","1.93M","-3.02%"
"Jul 03, 2011","264.50","273.40","276.59","259.21","4.31M","-3.22%"
"Jun 26, 2011","273.29","258.67","275.97","257.50","2.22M","5.26%"
"Jun 19, 2011","259.63","259.20","262.93","249.67","1.96M","0.42%"
"Jun 12, 2011","258.55","256.87","260.51","254.03","1.24M","0.73%"
"Jun 05, 2011","256.68","255.59","259.20","252.01","2.05M","0.70%"
"May 29, 2011","254.89","259.59","262.31","252.82","2.25M","-1.26%"
"May 22, 2011","258.13","276.93","280.45","252.27","10.16M","-6.67%"
"May 15, 2011","276.59","270.93","281.19","270.21","2.68M","2.10%"
"May 08, 2011","270.90","276.13","276.96","266.80","2.24M","-1.26%"
"May 01, 2011","274.36","267.73","275.32","264.00","3.05M","2.85%"
"Apr 24, 2011","266.77","275.73","279.15","263.49","4.88M","-2.76%"
"Apr 17, 2011","274.33","296.00","300.13","272.83","2.62M","-7.73%"
"Apr 10, 2011","297.30","293.33","299.14","290.40","1.32M","1.32%"
"Apr 03, 2011","293.43","282.00","299.33","280.00","4.05M","4.11%"
"Mar 27, 2011","281.85","278.92","283.74","273.47","3.07M","1.16%"
"Mar 20, 2011","278.61","258.40","279.61","255.35","3.70M","8.51%"
"Mar 13, 2011","256.75","264.27","266.00","254.00","3.92M","-2.48%"
"Mar 06, 2011","263.29","277.73","277.73","262.20","2.95M","-5.29%"
"Feb 27, 2011","278.00","265.20","286.67","263.47","2.99M","5.57%"
"Feb 20, 2011","263.33","280.60","284.27","261.33","3.23M","-5.65%"
"Feb 13, 2011","279.09","276.67","286.72","271.10","3.09M","2.75%"
"Feb 06, 2011","271.62","293.33","296.65","266.67","3.95M","-6.90%"
"Jan 30, 2011","291.75","286.93","305.96","282.40","3.00M","1.62%"
"Jan 23, 2011","287.10","297.33","308.80","284.42","1.88M","-2.90%"
"Jan 16, 2011","295.67","293.07","301.60","287.35","3.36M","1.01%"
"Jan 09, 2011","292.70","305.60","305.60","289.87","4.06M","-4.16%"
"Jan 02, 2011","305.41","310.67","313.60","304.00","2.19M","-1.47%"
"Dec 26, 2010","309.97","304.67","317.20","304.21","1.11M","1.75%"
"Dec 19, 2010","304.63","308.67","311.87","302.94","1.47M","-0.87%"
"Dec 12, 2010","307.29","304.67","315.47","298.93","2.45M","1.17%"
"Dec 05, 2010","303.73","296.96","305.33","287.19","2.10M","3.09%"
"Nov 28, 2010","294.63","281.33","299.59","279.60","2.88M","5.22%"
"Nov 21, 2010","280.01","301.33","305.07","274.67","3.06M","-6.94%"
"Nov 14, 2010","300.89","318.67","321.33","298.80","2.44M","-5.52%"
"Nov 07, 2010","318.46","337.33","339.57","317.20","2.43M","-5.96%"
"Oct 31, 2010","338.65","330.80","340.13","326.93","1.38M","3.85%"
"Oct 24, 2010","326.09","334.67","340.50","324.40","3.28M","-3.48%"
"Oct 17, 2010","337.85","338.67","341.33","331.33","1.70M","0.31%"
"Oct 10, 2010","336.81","346.80","348.53","334.29","6.20M","-2.09%"
"Oct 03, 2010","344.01","348.00","359.33","342.93","4.82M","-0.39%"
"Sep 26, 2010","345.35","328.00","347.07","327.77","3.24M","5.51%"
"Sep 19, 2010","327.32","328.00","332.93","324.68","2.40M","0.43%"
"Sep 12, 2010","325.93","332.53","336.47","324.75","1.52M","-1.36%"
"Sep 05, 2010","330.41","321.20","331.07","318.84","1.38M","3.57%"
"Aug 29, 2010","319.01","332.00","332.73","317.60","5.80M","-3.14%"
"Aug 22, 2010","329.35","330.27","336.80","327.34","1.62M","0.03%"
"Aug 15, 2010","329.25","334.59","334.67","328.00","899.50K","-1.02%"
"Aug 08, 2010","332.64","335.33","338.68","330.00","1.74M","-0.47%"
"Aug 01, 2010","334.22","326.80","339.57","325.47","1.97M","2.78%"
"Jul 25, 2010","325.19","329.12","330.13","324.29","1.12M","-0.87%"
"Jul 18, 2010","328.06","324.01","328.83","318.81","2.56M","0.89%"
"Jul 11, 2010","325.16","320.47","332.67","320.01","1.59M","1.92%"
"Jul 04, 2010","319.03","320.15","323.20","313.60","1.67M","0.11%"
"Jun 27, 2010","318.69","326.67","331.20","317.60","2.32M","-2.48%"
"Jun 20, 2010","326.79","323.60","329.86","321.07","1.81M","1.44%"
"Jun 13, 2010","322.16","319.47","323.31","312.93","2.24M","1.00%"
"Jun 06, 2010","318.97","306.67","319.87","300.13","3.40M","2.62%"
"May 30, 2010","310.83","311.87","315.52","304.41","1.67M","0.53%"
"May 23, 2010","309.20","310.67","311.33","297.54","3.95M","1.16%"
"May 16, 2010","305.64","314.67","314.67","300.67","3.55M","-2.97%"
"May 09, 2010","314.98","322.27","327.87","313.47","2.32M","-1.02%"
"May 02, 2010","318.24","330.00","332.33","314.07","2.56M","-4.23%"
"Apr 25, 2010","332.28","330.67","338.00","324.64","2.27M","0.43%"
"Apr 18, 2010","330.87","329.87","335.87","323.23","2.42M","-0.44%"
"Apr 11, 2010","332.33","342.02","344.67","331.47","1.72M","-2.78%"
"Apr 04, 2010","341.83","323.33","342.67","320.95","3.28M","5.98%"
"Mar 28, 2010","322.55","316.93","324.40","315.75","2.71M","2.55%"
"Mar 21, 2010","314.53","314.67","320.40","309.73","1.55M","-0.58%"
"Mar 14, 2010","316.37","317.33","320.13","314.00","4.15M","-0.41%"
"Mar 07, 2010","317.67","325.32","328.00","316.67","2.79M","-1.81%"
"Feb 28, 2010","323.54","315.33","329.87","315.33","2.94M","3.16%"
"Feb 21, 2010","313.62","316.67","321.33","310.27","2.26M","-0.08%"
"Feb 14, 2010","313.87","311.07","321.33","311.07","2.34M","1.48%"
"Feb 07, 2010","309.29","307.47","313.06","302.85","1.87M","1.07%"
"Jan 31, 2010","306.01","320.00","324.67","304.67","3.64M","-4.63%"
"Jan 24, 2010","320.86","318.00","322.13","306.67","4.65M","1.44%"
"Jan 17, 2010","316.29","318.53","323.47","298.67","4.20M","0.04%"
"Jan 10, 2010","316.16","324.58","326.40","309.73","4.32M","-2.14%"
"Jan 03, 2010","323.09","321.33","327.20","318.00","1.99M","0.71%"
"Dec 27, 2009","320.81","315.73","322.27","313.09","1.42M","1.56%"
"Dec 20, 2009","315.88","309.33","318.20","302.27","2.48M","2.13%"
"Dec 13, 2009","309.29","316.53","323.60","307.90","4.28M","-1.88%"
"Dec 06, 2009","315.20","294.67","316.27","293.47","5.54M","7.03%"
"Nov 29, 2009","294.51","298.93","302.27","292.00","6.88M","-0.86%"
"Nov 22, 2009","297.05","303.33","303.99","293.07","4.26M","-1.49%"
"Nov 15, 2009","301.54","305.33","306.44","297.80","3.18M","-0.42%"
"Nov 08, 2009","302.81","297.47","306.71","290.87","4.74M","2.23%"
"Nov 01, 2009","296.21","294.21","302.27","280.67","3.66M","0.20%"
"Oct 25, 2009","295.61","316.00","319.33","291.32","4.11M","-7.01%"
"Oct 18, 2009","317.91","336.00","336.40","315.20","4.15M","-5.28%"
"Oct 11, 2009","335.62","326.13","339.87","316.27","5.02M","3.62%"
"Oct 04, 2009","323.90","312.67","336.67","308.13","5.45M","3.37%"
"Sep 27, 2009","313.33","301.33","315.99","298.84","2.66M","4.65%"
"Sep 20, 2009","299.41","304.67","307.33","296.27","2.02M","-1.30%"
"Sep 13, 2009","303.34","300.93","308.65","298.67","4.06M","0.80%"
"Sep 06, 2009","300.93","297.33","305.33","295.60","5.97M","2.00%"
"Aug 30, 2009","295.03","306.67","311.00","290.67","6.52M","-5.04%"
"Aug 23, 2009","310.69","310.00","314.53","303.33","4.76M","1.41%"
"Aug 16, 2009","306.37","282.01","308.67","282.01","5.56M","4.38%"
"Aug 09, 2009","293.51","294.67","300.00","280.80","4.19M","1.00%"
"Aug 02, 2009","290.61","297.33","315.73","289.47","6.57M","-2.17%"
"Jul 26, 2009","297.07","295.33","320.67","291.37","4.56M","1.13%"
"Jul 19, 2009","293.76","298.93","304.93","283.51","10.44M","-1.11%"
"Jul 12, 2009","297.07","261.33","298.13","258.67","7.93M","12.26%"
"Jul 05, 2009","264.62","293.33","296.65","262.67","5.82M","-9.05%"
"Jun 28, 2009","290.94","296.00","303.56","284.00","6.16M","-0.88%"
"Jun 21, 2009","293.53","282.67","298.00","273.87","6.64M","5.31%"
"Jun 14, 2009","278.73","295.33","298.40","267.73","6.57M","-5.66%"
"Jun 07, 2009","295.45","305.60","318.07","292.00","7.65M","-3.13%"
"May 31, 2009","304.99","294.40","307.20","278.40","7.80M","5.17%"
"May 24, 2009","289.99","266.11","294.40","260.67","7.93M","9.74%"
"May 17, 2009","264.26","247.33","311.20","243.21","12.83M","16.08%"
"May 10, 2009","227.65","220.67","230.13","209.64","9.20M","3.63%"
"May 03, 2009","219.67","224.67","236.00","217.87","7.98M","-0.25%"
"Apr 26, 2009","220.23","216.27","223.96","204.67","3.96M","0.77%"
"Apr 19, 2009","218.55","218.80","224.80","209.07","8.48M","-0.42%"
"Apr 12, 2009","219.47","202.00","227.87","199.63","12.34M","9.94%"
"Apr 05, 2009","199.63","206.67","210.00","196.00","9.83M","-2.26%"
"Mar 29, 2009","204.25","203.33","208.53","193.36","12.22M","-1.26%"
"Mar 22, 2009","206.85","184.67","212.60","184.67","16.48M","12.42%"
"Mar 15, 2009","183.99","183.67","196.65","181.77","10.94M","0.43%"
"Mar 08, 2009","183.21","173.33","184.65","170.40","4.58M","4.69%"
"Mar 01, 2009","175.01","182.80","186.40","166.80","13.37M","-5.99%"
"Feb 22, 2009","186.17","179.67","188.53","178.00","6.57M","2.30%"
"Feb 15, 2009","181.99","194.00","195.20","179.61","10.41M","-6.94%"
"Feb 08, 2009","195.57","182.67","198.40","181.60","10.90M","7.41%"
"Feb 01, 2009","182.07","176.00","183.73","172.88","10.73M","3.41%"
"Jan 25, 2009","176.06","176.67","188.39","171.35","12.65M","0.01%"
"Jan 18, 2009","176.04","189.33","190.19","166.67","9.92M","-5.53%"
"Jan 11, 2009","186.35","188.00","188.00","175.34","8.86M","-1.34%"
"Jan 04, 2009","188.89","194.07","198.27","182.97","11.73M","0.60%"
"Dec 28, 2008","187.77","172.67","190.53","168.33","14.79M","8.32%"
"Dec 21, 2008","173.35","193.33","193.47","172.27","11.21M","-9.58%"
"Dec 14, 2008","191.71","184.00","194.13","177.33","20.38M","5.75%"
"Dec 07, 2008","181.29","181.47","189.73","174.08","16.77M","1.55%"
"Nov 30, 2008","178.53","180.53","186.40","161.61","26.03M","-1.64%"
"Nov 23, 2008","181.51","170.67","183.73","166.21","18.53M","6.25%"
"Nov 16, 2008","170.83","171.70","176.49","154.67","21.05M","0.09%"
"Nov 09, 2008","170.68","188.00","203.69","167.76","21.08M","-8.90%"
"Nov 02, 2008","187.35","176.00","195.33","170.48","19.40M","9.64%"
"Oct 26, 2008","170.88","137.33","173.99","131.21","13.12M","17.39%"
"Oct 19, 2008","145.57","162.67","165.60","142.93","32.32M","-8.62%"
"Oct 12, 2008","159.31","186.67","210.00","153.33","24.06M","-11.22%"
"Oct 05, 2008","179.45","202.80","206.40","172.95","15.50M","-14.09%"
"Sep 28, 2008","208.89","209.33","217.21","190.67","16.50M","1.04%"
"Sep 21, 2008","206.75","230.67","232.00","205.09","15.52M","-9.36%"
"Sep 14, 2008","228.09","218.67","229.33","200.27","22.74M","0.82%"
"Sep 07, 2008","226.23","240.00","254.67","220.67","22.73M","-2.02%"
"Aug 31, 2008","230.90","226.67","243.07","220.01","13.54M","1.48%"
"Aug 24, 2008","227.54","234.67","234.67","214.67","12.50M","-0.55%"
"Aug 17, 2008","228.79","228.00","232.80","216.01","12.34M","0.49%"
"Aug 10, 2008","227.67","240.00","247.73","226.29","12.42M","-4.25%"
"Aug 03, 2008","237.77","233.33","249.67","226.67","17.69M","1.52%"
"Jul 27, 2008","234.20","218.67","238.93","210.29","15.74M","6.14%"
"Jul 20, 2008","220.65","204.00","241.60","197.07","24.65M","8.15%"
"Jul 13, 2008","204.03","201.33","205.85","180.91","14.45M","0.59%"
"Jul 06, 2008","202.83","203.33","214.67","185.33","19.41M","1.39%"
"Jun 29, 2008","200.04","182.67","201.68","178.67","14.13M","8.68%"
"Jun 22, 2008","184.06","185.33","196.00","178.67","14.61M","-1.77%"
"Jun 15, 2008","187.38","211.33","215.06","186.40","17.44M","-9.98%"
"Jun 08, 2008","208.15","180.67","214.11","176.70","30.60M","9.82%"
"Jun 01, 2008","189.53","223.41","225.20","187.60","15.30M","-14.48%"
"May 25, 2008","221.62","229.33","230.67","210.83","14.12M","-4.87%"
"May 18, 2008","232.96","243.33","243.33","228.00","6.17M","-2.68%"
"May 11, 2008","239.37","228.80","243.07","227.60","8.00M","4.11%"
"May 04, 2008","229.93","255.07","257.87","226.69","8.52M","-9.68%"
"Apr 27, 2008","254.57","249.20","257.60","245.33","6.12M","2.28%"
"Apr 20, 2008","248.89","240.67","253.20","233.77","12.74M","4.56%"
"Apr 13, 2008","238.03","241.33","248.53","236.00","8.76M","-2.44%"
"Apr 06, 2008","243.99","220.67","245.86","209.45","33.79M","11.98%"
"Mar 30, 2008","217.88","278.93","278.93","216.67","27.70M","-21.90%"
"Mar 23, 2008","278.99","250.00","280.40","237.20","5.68M","13.21%"
"Mar 16, 2008","246.43","250.40","255.83","235.33","4.19M","-1.64%"
"Mar 09, 2008","250.53","263.30","281.96","242.67","8.36M","-7.25%"
"Mar 02, 2008","270.10","298.00","298.00","260.00","4.78M","-11.23%"
"Feb 24, 2008","304.27","276.67","315.47","272.13","5.78M","10.84%"
"Feb 17, 2008","274.51","303.07","304.00","270.36","3.13M","-8.95%"
"Feb 10, 2008","301.51","268.67","307.99","246.67","7.09M","12.30%"
"Feb 03, 2008","268.49","278.67","286.67","265.07","3.68M","-2.50%"
"Jan 27, 2008","275.38","288.00","288.00","272.00","6.22M","-4.60%"
"Jan 20, 2008","288.67","306.99","306.99","240.00","8.61M","-5.97%"
"Jan 13, 2008","306.99","326.63","334.67","302.67","4.28M","-5.45%"
"Jan 06, 2008","324.69","337.17","339.73","320.27","3.82M","-4.34%"
"Dec 30, 2007","339.43","346.70","350.13","299.91","2.25M","-1.40%"
"Dec 23, 2007","344.24","322.40","345.47","320.27","2.47M","8.99%"
"Dec 16, 2007","315.85","342.67","342.67","313.07","6.16M","-7.52%"
"Dec 09, 2007","341.53","366.67","368.00","340.41","5.58M","-6.62%"
"Dec 02, 2007","365.74","359.87","382.67","359.07","4.48M","2.34%"
"Nov 25, 2007","357.37","343.97","372.00","342.80","3.87M","5.39%"
"Nov 18, 2007","339.09","379.87","385.73","317.33","6.53M","-8.73%"
"Nov 11, 2007","371.54","363.33","388.00","350.13","5.98M","0.44%"
"Nov 04, 2007","369.93","362.67","390.00","350.68","4.72M","2.18%"
"Oct 28, 2007","362.03","329.33","366.67","329.33","9.70M","11.66%"
"Oct 21, 2007","324.23","268.13","325.87","262.67","9.03M","18.53%"
"Oct 14, 2007","273.55","316.00","324.53","267.33","7.80M","-12.37%"
"Oct 07, 2007","312.18","289.47","328.93","282.00","11.39M","8.72%"
"Sep 30, 2007","287.14","274.65","297.20","264.57","6.70M","5.94%"
"Sep 23, 2007","271.03","267.92","278.56","260.53","5.64M","3.38%"
"Sep 16, 2007","262.17","252.67","263.17","249.30","4.80M","3.62%"
"Sep 09, 2007","253.01","248.00","258.67","247.47","3.49M","0.81%"
"Sep 02, 2007","250.97","253.20","261.33","250.00","5.91M","-0.37%"
"Aug 26, 2007","251.89","236.67","253.33","230.27","7.64M","7.93%"
"Aug 19, 2007","233.39","212.53","235.99","209.87","8.62M","12.29%"
"Aug 12, 2007","207.85","229.33","230.39","205.33","7.61M","-8.00%"
"Aug 05, 2007","225.93","225.33","238.13","218.67","7.21M","-1.50%"
"Jul 29, 2007","229.37","221.33","233.54","216.00","9.92M","3.60%"
"Jul 22, 2007","221.39","218.93","253.20","218.67","11.76M","0.75%"
"Jul 15, 2007","219.74","226.25","227.11","214.67","2.93M","-2.12%"
"Jul 08, 2007","224.49","207.73","228.67","206.01","4.95M","8.21%"
"Jul 01, 2007","207.45","206.67","211.32","202.68","3.50M","1.15%"
"Jun 24, 2007","205.10","192.27","205.87","191.61","5.57M","6.81%"
"Jun 17, 2007","192.02","188.00","202.00","182.81","5.55M","3.67%"
"Jun 10, 2007","185.22","176.00","187.20","173.47","3.56M","5.88%"
"Jun 03, 2007","174.94","189.99","191.29","174.00","5.70M","-7.23%"
"May 27, 2007","188.58","181.67","194.83","180.13","12.82M","4.69%"
"May 20, 2007","180.14","176.60","183.33","174.39","8.56M","3.11%"
"May 13, 2007","174.71","165.67","177.27","163.40","7.91M","7.87%"
"May 06, 2007","161.97","167.41","169.65","159.67","5.75M","-2.65%"
"Apr 29, 2007","166.38","166.13","172.53","163.33","3.14M","0.29%"
"Apr 22, 2007","165.90","169.87","172.00","160.00","7.00M","-1.90%"
"Apr 15, 2007","169.12","166.47","172.92","165.13","7.15M","2.31%"
"Apr 08, 2007","165.30","157.67","170.00","157.67","13.61M","5.09%"
"Apr 01, 2007","157.30","151.67","160.67","143.00","15.03M","4.37%"
"Mar 25, 2007","150.72","152.33","154.76","148.00","7.15M","-0.82%"
"Mar 18, 2007","151.97","132.00","154.33","130.47","13.86M","16.56%"
"Mar 11, 2007","130.38","140.40","146.45","129.33","9.41M","-6.67%"
"Mar 04, 2007","139.70","138.33","146.33","132.00","9.42M","-0.19%"
"Feb 25, 2007","139.97","153.20","153.33","138.67","11.64M","-7.87%"
"Feb 18, 2007","151.92","160.00","160.80","150.93","4.64M","-4.51%"
"Feb 11, 2007","159.10","166.67","167.02","151.33","8.67M","-4.71%"
"Feb 04, 2007","166.96","167.60","171.47","165.69","8.07M","-0.18%"
"Jan 28, 2007","167.26","166.66","173.00","165.33","8.74M","2.48%"
"Jan 21, 2007","163.22","151.33","164.00","151.33","7.15M","7.89%"
"Jan 14, 2007","151.29","151.33","154.87","146.67","10.97M","0.54%"
"Jan 07, 2007","150.47","152.67","153.27","140.34","8.76M","-1.43%"
"Dec 31, 2006","152.66","153.47","155.27","150.00","5.49M","-0.36%"
"Dec 24, 2006","153.21","154.67","157.33","152.47","5.02M","-0.12%"
"Dec 17, 2006","153.39","166.75","168.20","148.80","20.13M","-7.83%"
"Dec 10, 2006","166.42","175.60","176.47","155.53","7.30M","-5.30%"
"Dec 03, 2006","175.73","168.67","177.87","167.33","6.19M","4.59%"
"Nov 26, 2006","168.02","168.58","170.00","164.20","2.71M","-0.33%"
"Nov 19, 2006","168.58","163.27","170.43","159.13","6.58M","4.23%"
"Nov 12, 2006","161.74","163.73","167.27","161.20","3.04M","-1.22%"
"Nov 05, 2006","163.74","165.40","167.27","157.80","3.71M","-0.81%"
"Oct 29, 2006","165.08","164.00","167.27","160.33","7.15M","0.07%"
"Oct 22, 2006","164.97","162.65","166.53","161.00","2.62M","2.22%"
"Oct 15, 2006","161.38","159.67","164.93","159.67","4.48M","1.07%"
"Oct 08, 2006","159.67","154.80","159.99","150.60","5.52M","3.02%"
"Oct 01, 2006","154.99","159.68","160.18","152.60","4.64M","-2.84%"
"Sep 24, 2006","159.52","154.33","160.98","153.87","7.97M","3.48%"
"Sep 17, 2006","154.15","151.87","155.60","148.13","7.38M","1.92%"
"Sep 10, 2006","151.25","156.00","156.33","145.68","8.77M","-2.44%"
"Sep 03, 2006","155.04","150.34","155.53","149.82","8.19M","3.19%"
"Aug 27, 2006","150.25","150.33","153.86","148.67","7.06M","0.17%"
"Aug 20, 2006","149.99","152.00","153.27","147.40","7.02M","-1.34%"
"Aug 13, 2006","152.02","144.96","153.33","144.07","7.01M","5.92%"
"Aug 06, 2006","143.53","144.27","148.00","137.27","13.30M","0.15%"
"Jul 30, 2006","143.32","131.20","146.22","131.00","22.26M","9.26%"
"Jul 23, 2006","131.17","118.66","134.52","115.35","14.41M","10.08%"
"Jul 16, 2006","119.16","128.80","128.80","116.14","9.64M","-7.32%"
"Jul 09, 2006","128.57","126.73","133.33","124.67","5.59M","1.92%"
"Jul 02, 2006","126.15","130.67","132.40","125.33","5.43M","-3.05%"
"Jun 25, 2006","130.12","125.20","132.00","116.70","12.63M","3.78%"
"Jun 18, 2006","125.38","124.67","130.98","120.07","9.65M","-0.13%"
"Jun 11, 2006","125.54","125.33","130.93","102.08","11.69M","0.50%"
"Jun 04, 2006","124.91","134.66","136.40","111.32","7.68M","-6.08%"
"May 28, 2006","133.00","132.00","135.00","120.34","6.75M","2.62%"
"May 21, 2006","129.61","133.32","136.67","106.67","6.58M","-0.77%"
"May 14, 2006","130.61","155.17","157.33","122.67","5.18M","-16.03%"
"May 07, 2006","155.54","161.93","164.33","151.67","3.93M","-2.60%"
"Apr 30, 2006","159.69","153.33","161.31","153.33","2.01M","2.08%"
"Apr 23, 2006","156.43","156.70","162.93","147.33","3.28M","-0.05%"
"Apr 16, 2006","156.51","152.33","159.20","150.00","6.07M","2.82%"
"Apr 09, 2006","152.22","159.20","161.67","146.67","3.66M","-3.94%"
"Apr 02, 2006","158.46","151.80","160.68","150.10","6.66M","5.78%"
"Mar 26, 2006","149.80","145.19","152.00","140.00","5.55M","3.96%"
"Mar 19, 2006","144.09","140.73","149.27","140.00","9.50M","2.80%"
"Mar 12, 2006","140.17","142.34","144.00","137.68","4.80M","-1.15%"
"Mar 05, 2006","141.80","142.67","147.20","132.67","8.47M","0.06%"
"Feb 26, 2006","141.72","127.47","145.43","127.00","11.20M","11.50%"
"Feb 19, 2006","127.10","123.87","129.40","120.81","6.92M","2.33%"
"Feb 12, 2006","124.20","123.93","128.33","122.53","5.20M","1.38%"
"Feb 05, 2006","122.51","123.00","125.40","121.33","3.41M","-0.29%"
"Jan 29, 2006","122.87","116.53","124.37","112.18","10.77M","7.37%"
"Jan 22, 2006","114.44","105.07","116.64","103.77","4.01M","8.56%"
"Jan 15, 2006","105.42","97.67","106.53","96.07","5.28M","8.17%"
"Jan 08, 2006","97.46","97.83","100.20","96.67","3.92M","-0.40%"
"Jan 01, 2006","97.85","92.93","98.05","92.07","6.43M","5.88%"
"Dec 25, 2005","92.42","91.13","99.27","87.73","5.02M","1.49%"
"Dec 18, 2005","91.06","95.33","96.33","90.13","4.82M","-4.13%"
"Dec 11, 2005","94.98","96.40","97.33","93.33","4.21M","-1.16%"
"Dec 04, 2005","96.09","97.27","97.33","90.60","7.12M","0.50%"
"Nov 27, 2005","95.61","96.00","99.90","94.33","9.39M","3.54%"
"Nov 20, 2005","92.34","88.66","92.67","87.33","5.60M","4.99%"
"Nov 13, 2005","87.95","86.27","88.80","83.73","5.43M","1.90%"
"Nov 06, 2005","86.31","76.67","86.67","76.02","5.96M","13.75%"
"Oct 30, 2005","75.88","73.67","76.67","72.67","1.53M","4.46%"
"Oct 23, 2005","72.64","77.37","82.00","72.00","4.85M","-6.28%"
"Oct 16, 2005","77.51","76.13","80.33","73.00","7.87M","1.59%"
"Oct 09, 2005","76.30","83.27","83.27","75.10","6.14M","-5.81%"
"Oct 02, 2005","81.01","81.73","87.87","79.33","9.75M","-0.74%"
"Sep 25, 2005","81.61","72.77","82.93","71.13","5.54M","11.23%"
"Sep 18, 2005","73.37","73.33","78.00","72.67","3.00M","0.23%"
"Sep 11, 2005","73.20","73.92","74.27","71.87","2.10M","0.88%"
"Sep 04, 2005","72.56","72.00","74.46","71.08","1.83M","1.37%"
"Aug 28, 2005","71.58","72.20","72.63","70.08","2.83M","-1.15%"
"Aug 21, 2005","72.41","72.60","74.60","68.01","4.26M","1.07%"
"Aug 14, 2005","71.64","72.60","76.47","70.53","6.20M","1.56%"
"Aug 07, 2005","70.54","71.67","73.33","69.08","3.00M","-2.54%"
"Jul 31, 2005","72.38","67.20","73.33","64.73","5.92M","7.85%"
"Jul 24, 2005","67.11","66.96","69.27","64.02","5.13M","1.62%"
"Jul 17, 2005","66.04","59.47","66.66","58.80","6.57M","11.37%"
"Jul 10, 2005","59.30","56.82","59.93","56.82","2.39M","1.68%"
"Jul 03, 2005","58.32","57.66","60.00","56.10","2.53M","2.08%"
"Jun 26, 2005","57.13","56.53","58.66","55.47","4.32M","0.88%"
"Jun 19, 2005","56.63","58.93","58.93","56.34","2.63M","-2.95%"
"Jun 12, 2005","58.35","58.47","59.73","57.73","2.19M","0.03%"
"Jun 05, 2005","58.33","55.87","59.83","55.87","2.44M","0.67%"
"May 29, 2005","57.94","59.00","59.93","57.00","3.12M","-0.31%"
"May 22, 2005","58.12","56.98","63.33","56.97","11.56M","2.02%"
"May 15, 2005","56.97","55.67","57.90","54.93","2.86M","2.34%"
"May 08, 2005","55.67","55.19","56.26","54.80","2.08M","1.68%"
"May 01, 2005","54.75","53.80","56.53","52.62","2.66M","3.58%"
"Apr 24, 2005","52.86","54.00","55.33","52.40","5.28M","-1.84%"
"Apr 17, 2005","53.85","52.10","54.17","51.01","3.85M","2.42%"
"Apr 10, 2005","52.58","52.00","53.73","51.37","2.44M","1.37%"
"Apr 03, 2005","51.87","53.67","54.33","50.33","7.46M","-3.08%"
"Mar 27, 2005","53.52","52.67","53.80","49.44","7.27M","2.82%"
"Mar 20, 2005","52.05","53.00","53.67","50.94","10.13M","-1.16%"
"Mar 13, 2005","52.66","54.99","55.00","51.00","9.76M","-3.04%"
"Mar 06, 2005","54.31","58.00","58.00","54.08","9.17M","-5.66%"
"Feb 27, 2005","57.57","57.27","58.87","55.67","4.66M","0.21%"
"Feb 20, 2005","57.45","56.77","57.93","54.67","4.79M","1.07%"
"Feb 13, 2005","56.84","54.87","58.47","54.87","10.67M","4.18%"
"Feb 06, 2005","54.56","52.93","55.20","51.40","5.05M","3.43%"
"Jan 30, 2005","52.75","48.64","53.79","48.60","9.32M","9.58%"
"Jan 23, 2005","48.14","46.67","48.33","44.60","5.36M","4.86%"
"Jan 16, 2005","45.91","48.33","48.33","44.80","7.48M","-3.25%"
"Jan 09, 2005","47.45","50.20","50.70","47.07","5.58M","-3.48%"
"Jan 02, 2005","49.16","51.40","53.33","48.47","5.32M","-4.23%"
"Dec 26, 2004","51.33","48.53","52.40","48.33","3.61M","6.12%"
"Dec 19, 2004","48.37","48.00","49.27","47.48","2.82M","1.45%"
"Dec 12, 2004","47.68","45.60","48.92","44.65","12.10M","4.52%"
"Dec 05, 2004","45.62","43.07","46.07","43.07","15.77M","6.54%"
"Nov 28, 2004","42.82","40.60","43.47","40.60","9.97M","5.68%"
"Nov 21, 2004","40.52","40.20","41.59","39.91","5.14M","0.65%"
"Nov 14, 2004","40.26","41.07","41.47","40.14","3.67M","-1.80%"
"Nov 07, 2004","41.00","42.07","42.58","40.67","6.67M","-2.94%"
"Oct 31, 2004","42.24","41.53","42.99","40.87","5.01M","1.39%"
"Oct 24, 2004","41.66","42.24","42.99","41.00","7.11M","-0.79%"
"Oct 17, 2004","41.99","43.68","43.68","40.16","4.93M","3.17%"
"Oct 10, 2004","40.70","41.67","41.79","40.33","7.83M","-1.95%"
"Oct 03, 2004","41.51","39.80","41.90","39.13","16.65M","6.60%"
"Sep 26, 2004","38.94","38.53","39.13","37.50","10.00M","1.09%"
"Sep 19, 2004","38.52","39.66","40.09","38.40","10.39M","-1.98%"
"Sep 12, 2004","39.30","38.31","39.70","37.88","14.63M","3.72%"
"Sep 05, 2004","37.89","39.33","39.33","37.27","18.98M","-4.12%"
"Aug 29, 2004","39.52","37.50","39.80","36.57","20.51M","6.07%"
"Aug 22, 2004","37.26","35.67","38.27","34.87","10.63M","5.67%"
"Aug 15, 2004","35.26","37.00","37.13","33.68","15.35M","-5.95%"
"Aug 08, 2004","37.49","36.75","38.73","36.47","12.27M","1.19%"
"Aug 01, 2004","37.05","36.00","37.65","34.81","13.99M","2.04%"
"Jul 25, 2004","36.31","36.73","37.13","34.07","17.06M","-1.17%"
"Jul 18, 2004","36.74","36.13","37.30","35.67","10.13M","2.20%"
"Jul 11, 2004","35.95","35.07","37.00","34.94","16.98M","0.64%"
"Jul 04, 2004","35.72","34.27","36.70","33.33","18.49M","4.44%"
"Jun 27, 2004","34.20","32.93","34.99","32.80","22.72M","3.67%"
"Jun 20, 2004","32.99","32.14","33.33","31.70","30.24M","1.32%"
"Jun 13, 2004","32.56","30.33","32.80","26.67","35.17M","7.25%"
"Jun 06, 2004","30.36","31.47","31.87","30.15","24.32M","-3.31%"
"May 30, 2004","31.40","30.33","31.67","27.60","53.23M","1.78%"
"May 23, 2004","30.85","30.83","32.87","29.34","23.19M","2.12%"
"May 16, 2004","30.21","32.00","34.26","25.00","45.22M","-9.36%"
"May 09, 2004","33.33","38.53","40.00","31.93","34.73M","-14.19%"
"May 02, 2004","38.84","39.33","40.33","36.87","15.68M","-0.64%"
"Apr 25, 2004","39.09","40.17","41.33","38.68","13.39M","-5.49%"
"Apr 18, 2004","41.36","43.00","43.00","40.33","18.43M","-3.59%"
"Apr 11, 2004","42.90","42.43","43.90","42.01","11.46M","1.20%"
"Apr 04, 2004","42.39","42.20","45.73","41.38","28.10M","2.12%"
"Mar 28, 2004","41.51","38.19","43.00","37.33","28.11M","10.52%"
"Mar 21, 2004","37.56","38.38","39.80","35.00","21.34M","-0.45%"
"Mar 14, 2004","37.73","39.99","40.47","36.60","20.30M","-3.77%"
"Mar 07, 2004","39.21","40.65","42.76","38.17","29.73M","-3.40%"
"Feb 29, 2004","40.59","38.73","40.98","36.73","19.47M","4.80%"
"Feb 22, 2004","38.73","41.33","41.33","37.00","21.10M","-5.49%"
"Feb 15, 2004","40.98","39.80","42.21","38.90","20.17M","2.84%"
"Feb 08, 2004","39.85","37.47","41.00","37.47","21.98M","6.10%"
"Feb 01, 2004","37.56","34.30","38.10","33.63","24.89M","9.89%"
"Jan 25, 2004","34.18","36.83","39.59","33.67","11.39M","-9.24%"
"Jan 18, 2004","37.66","37.36","38.50","33.82","14.59M","2.25%"
"Jan 11, 2004","36.83","37.74","40.33","35.99","16.68M","-4.01%"
"Jan 04, 2004","38.37","36.00","39.20","35.40","22.15M","7.36%"
"Dec 28, 2003","35.74","32.98","35.94","32.67","14.28M","9.46%"
"Dec 21, 2003","32.65","31.13","33.05","30.93","13.90M","5.80%"
"Dec 14, 2003","30.86","30.25","31.65","29.35","27.51M","4.08%"
"Dec 07, 2003","29.65","30.67","31.07","29.33","14.65M","-1.00%"
"Nov 30, 2003","29.95","29.93","31.73","29.80","15.80M","0.71%"
"Nov 23, 2003","29.74","28.67","29.99","22.93","11.53M","3.01%"
"Nov 16, 2003","28.87","30.27","30.79","27.81","19.25M","-2.76%"
"Nov 09, 2003","29.69","30.76","31.53","29.42","16.63M","-2.05%"
"Nov 02, 2003","30.31","32.30","33.00","30.00","12.51M","-5.58%"
"Oct 26, 2003","32.10","28.80","32.33","27.73","18.44M","12.79%"
"Oct 19, 2003","28.46","30.33","30.60","27.77","16.35M","-6.60%"
"Oct 12, 2003","30.47","28.67","30.93","27.34","22.30M","7.71%"
"Oct 05, 2003","28.29","27.09","28.83","26.67","13.96M","5.05%"
"Sep 28, 2003","26.93","25.74","27.46","25.43","24.53M","5.44%"
"Sep 21, 2003","25.54","24.30","26.59","24.10","14.50M","5.49%"
"Sep 14, 2003","24.21","23.47","24.80","22.20","30.18M","2.54%"
"Sep 07, 2003","23.61","23.30","23.80","22.60","22.18M","1.29%"
"Aug 31, 2003","23.31","23.47","24.25","21.87","16.71M","-0.43%"
"Aug 24, 2003","23.41","22.37","25.61","20.81","20.37M","5.64%"
"Aug 17, 2003","22.16","20.65","22.56","20.59","20.91M","8.20%"
"Aug 10, 2003","20.48","19.59","20.63","19.33","29.68M","4.54%"
"Aug 03, 2003","19.59","17.47","19.86","17.35","31.32M","11.56%"
"Jul 27, 2003","17.56","17.89","18.53","17.30","16.27M","-1.46%"
"Jul 20, 2003","17.82","18.40","18.40","16.74","24.07M","-3.41%"
"Jul 13, 2003","18.45","18.78","19.60","18.17","13.05M","-1.18%"
"Jul 06, 2003","18.67","18.87","19.13","18.44","9.54M","-0.59%"
"Jun 29, 2003","18.78","17.68","18.98","17.67","23.66M","6.58%"
"Jun 22, 2003","17.62","18.09","18.27","17.15","19.68M","-1.84%"
"Jun 15, 2003","17.95","17.73","18.05","17.24","17.05M","0.79%"
"Jun 08, 2003","17.81","16.55","18.17","16.50","25.98M","7.74%"
"Jun 01, 2003","16.53","17.23","17.33","16.47","8.91M","-3.39%"
"May 25, 2003","17.11","17.33","17.80","17.01","10.29M","0.23%"
"May 18, 2003","17.07","17.05","17.45","16.62","9.41M","0.00%"
"May 11, 2003","17.07","16.17","17.17","15.84","15.64M","3.58%"
"May 04, 2003","16.48","15.47","16.80","15.43","17.29M","6.53%"
"Apr 27, 2003","15.47","15.18","15.60","14.80","9.06M","2.59%"
"Apr 20, 2003","15.08","15.40","15.72","14.93","24.41M","-1.24%"
"Apr 13, 2003","15.27","15.43","15.43","15.03","7.41M","-0.07%"
"Apr 06, 2003","15.28","15.47","15.60","14.78","17.23M","-0.97%"
"Mar 30, 2003","15.43","14.73","15.78","14.48","43.54M","4.61%"
"Mar 23, 2003","14.75","14.62","15.08","14.22","33.62M","1.58%"
"Mar 16, 2003","14.52","13.60","14.73","13.28","30.48M","7.96%"
"Mar 09, 2003","13.45","13.74","13.80","13.08","7.55M","-2.18%"
"Mar 02, 2003","13.75","14.00","14.18","13.27","30.01M","-1.79%"
"Feb 23, 2003","14.00","14.27","14.72","13.80","36.55M","-2.30%"
"Feb 16, 2003","14.33","13.82","14.43","13.40","39.91M","7.58%"
"Feb 09, 2003","13.32","13.47","13.78","13.01","21.80M","-0.08%"
"Feb 02, 2003","13.33","11.93","13.85","11.77","46.59M","12.21%"
"Jan 26, 2003","11.88","12.81","12.97","11.73","31.96M","-7.04%"
"Jan 19, 2003","12.78","12.23","12.90","11.97","25.49M","4.75%"
"Jan 12, 2003","12.20","11.43","12.29","11.30","27.96M","7.02%"
"Jan 05, 2003","11.40","11.35","11.67","10.98","6.10M","0.53%"
"Dec 29, 2002","11.34","11.33","11.63","11.24","4.61M","-0.09%"
"Dec 22, 2002","11.35","10.93","11.57","10.93","6.51M","1.98%"
"Dec 15, 2002","11.13","11.20","11.47","10.77","10.16M","-0.09%"
"Dec 08, 2002","11.14","11.40","11.50","11.01","7.13M","-1.76%"
"Dec 01, 2002","11.34","10.99","11.66","10.93","13.81M","3.18%"
"Nov 24, 2002","10.99","10.67","11.03","10.17","32.67M","2.81%"
"Nov 17, 2002","10.69","10.03","10.80","10.02","9.31M","6.79%"
"Nov 10, 2002","10.01","10.20","10.33","9.95","7.08M","-1.77%"
"Nov 03, 2002","10.19","9.93","10.27","9.72","10.30M","5.05%"
"Oct 27, 2002","9.70","10.83","10.83","9.60","26.89M","-10.19%"
"Oct 20, 2002","10.80","10.63","10.93","10.57","4.67M","1.60%"
"Oct 13, 2002","10.63","10.70","10.73","10.49","7.05M","-0.09%"
"Oct 06, 2002","10.64","10.63","10.86","10.30","16.92M","0.57%"
"Sep 29, 2002","10.58","10.75","10.81","10.50","13.00M","-2.49%"
"Sep 22, 2002","10.85","10.97","11.03","10.67","10.34M","-1.09%"
"Sep 15, 2002","10.97","11.07","11.20","10.72","11.40M","-0.45%"
"Sep 08, 2002","11.02","11.33","11.53","10.81","18.82M","-4.01%"
"Sep 01, 2002","11.48","11.93","12.54","11.38","7.67M","-2.79%"
"Aug 25, 2002","11.81","12.06","12.06","11.73","10.00M","-1.01%"
"Aug 18, 2002","11.93","11.80","12.19","11.77","12.28M","0.68%"
"Aug 11, 2002","11.85","11.72","12.16","11.67","17.18M","1.20%"
"Aug 04, 2002","11.71","11.60","11.83","11.27","16.59M","1.04%"
"Jul 28, 2002","11.59","11.63","12.10","11.30","20.10M","-0.77%"
"Jul 21, 2002","11.68","11.76","11.76","11.15","12.37M","-0.09%"
"Jul 14, 2002","11.69","11.60","11.77","11.30","17.09M","0.78%"
"Jul 07, 2002","11.60","12.43","12.73","11.55","21.66M","-6.07%"
"Jun 30, 2002","12.35","11.99","12.43","11.85","17.77M","4.31%"
"Jun 23, 2002","11.84","11.63","12.22","11.41","16.92M","1.54%"
"Jun 16, 2002","11.66","11.79","11.98","11.30","16.60M","0.09%"
"Jun 09, 2002","11.65","11.34","11.93","11.30","12.76M","4.11%"
"Jun 02, 2002","11.19","10.30","11.60","10.30","34.74M","10.03%"
"May 26, 2002","10.17","10.80","10.83","10.00","27.62M","-3.14%"
"May 19, 2002","10.50","11.47","11.67","10.10","33.22M","-7.16%"
"May 12, 2002","11.31","11.96","11.97","11.12","21.33M","-4.80%"
"May 05, 2002","11.88","11.66","12.17","11.66","26.38M","1.97%"
"Apr 28, 2002","11.65","11.00","11.72","10.87","17.78M","6.39%"
"Apr 21, 2002","10.95","11.43","11.43","10.73","21.70M","-3.61%"
"Apr 14, 2002","11.36","11.80","11.88","11.31","22.15M","-3.65%"
"Apr 07, 2002","11.79","12.66","12.89","11.54","45.14M","-6.13%"
"Mar 31, 2002","12.56","11.50","12.96","11.34","75.84M","11.55%"
"Mar 24, 2002","11.26","11.33","11.60","10.98","15.08M","1.62%"
"Mar 17, 2002","11.08","11.65","11.70","10.98","27.57M","-3.06%"
"Mar 10, 2002","11.43","11.63","11.77","11.27","21.42M","-0.95%"
"Mar 03, 2002","11.54","12.04","12.73","11.51","62.13M","-2.94%"
"Feb 24, 2002","11.89","11.67","12.67","11.17","104.21M","1.11%"
"Feb 17, 2002","11.76","13.00","13.03","11.29","68.12M","-8.70%"
"Feb 10, 2002","12.88","11.33","13.09","11.18","80.75M","16.25%"
"Feb 03, 2002","11.08","10.93","12.32","10.55","66.69M","3.17%"
"Jan 27, 2002","10.74","10.13","10.84","9.62","29.95M","7.72%"
"Jan 20, 2002","9.97","10.07","10.27","9.68","28.43M","0.30%"
"Jan 13, 2002","9.94","9.53","10.27","9.48","15.38M","5.41%"
"Jan 06, 2002","9.43","9.57","9.66","9.00","14.77M","1.07%"
"Dec 30, 2001","9.33","8.84","9.75","8.82","12.95M","4.60%"
"Dec 23, 2001","8.92","9.35","9.67","8.73","8.08M","-5.61%"
"Dec 16, 2001","9.45","9.80","9.83","9.17","17.84M","-2.48%"
"Dec 09, 2001","9.69","10.00","10.56","9.34","28.00M","-2.32%"
"Dec 02, 2001","9.92","9.94","10.58","9.80","20.36M","1.85%"
"Nov 25, 2001","9.74","10.27","10.43","9.28","32.40M","-4.42%"
"Nov 18, 2001","10.19","10.20","10.83","9.95","33.97M","1.09%"
"Nov 11, 2001","10.08","10.07","10.25","9.68","7.01M","1.41%"
"Nov 04, 2001","9.94","9.60","10.53","9.54","29.89M","4.30%"
"Oct 28, 2001","9.53","8.90","9.66","8.48","19.36M","8.17%"
"Oct 21, 2001","8.81","8.78","9.32","8.65","16.41M","1.38%"
"Oct 14, 2001","8.69","8.24","8.91","8.24","19.51M","5.21%"
"Oct 07, 2001","8.26","7.74","8.67","7.74","14.27M","0.98%"
"Sep 30, 2001","8.18","8.13","8.70","7.80","13.90M","2.63%"
"Sep 23, 2001","7.97","8.32","8.92","7.68","19.82M","1.40%"
"Sep 16, 2001","7.86","7.68","8.32","6.97","18.26M","0.51%"
"Sep 09, 2001","7.82","10.13","10.31","7.33","22.68M","-23.03%"
"Sep 02, 2001","10.16","10.15","10.25","9.88","3.36M","-0.88%"
"Aug 26, 2001","10.25","9.99","10.29","9.67","7.48M","2.60%"
"Aug 19, 2001","9.99","10.19","10.33","9.79","10.47M","-2.54%"
"Aug 12, 2001","10.25","10.00","10.33","9.66","13.65M","4.17%"
"Aug 05, 2001","9.84","10.52","11.00","9.47","12.90M","-4.28%"
"Jul 29, 2001","10.28","10.06","11.07","10.00","19.20M","2.09%"
"Jul 22, 2001","10.07","11.49","11.67","9.67","10.59M","-11.28%"
"Jul 15, 2001","11.35","11.57","12.05","11.18","19.82M","-0.35%"
"Jul 08, 2001","11.39","11.13","12.08","10.98","8.33M","2.15%"
"Jul 01, 2001","11.15","12.33","12.33","11.07","3.63M","-5.19%"
"Jun 24, 2001","11.76","11.20","12.27","10.85","22.93M","6.72%"
"Jun 17, 2001","11.02","10.87","11.40","10.87","13.63M","-1.52%"
"Jun 10, 2001","11.19","12.33","12.39","11.07","25.07M","-8.28%"
"Jun 03, 2001","12.20","12.53","12.57","11.58","35.40M","-1.93%"
"May 27, 2001","12.44","11.67","12.86","11.40","61.13M","6.32%"
"May 20, 2001","11.70","11.65","12.12","11.23","32.02M","1.30%"
"May 13, 2001","11.55","11.00","11.87","10.42","38.89M","3.59%"
"May 06, 2001","11.15","10.55","11.29","10.33","36.69M","7.11%"
"Apr 29, 2001","10.41","10.13","11.67","9.93","24.34M","2.56%"
"Apr 22, 2001","10.15","10.80","10.80","9.33","37.80M","1.20%"
"Apr 15, 2001","10.03","8.53","11.29","8.34","43.78M","20.41%"
"Apr 08, 2001","8.33","7.93","9.00","7.80","23.43M","7.35%"
"Apr 01, 2001","7.76","9.33","9.33","7.68","23.52M","-18.06%"
"Mar 25, 2001","9.47","9.33","10.07","9.07","20.72M","1.72%"
"Mar 18, 2001","9.31","9.07","9.78","8.87","24.01M","4.61%"
"Mar 11, 2001","8.90","9.67","10.32","7.68","54.57M","-8.25%"
"Mar 04, 2001","9.70","11.59","11.73","9.50","53.25M","-16.38%"
"Feb 25, 2001","11.60","10.35","12.21","10.35","125.52M","4.50%"
"Feb 18, 2001","11.10","11.93","12.32","11.08","145.36M","-6.01%"
"Feb 11, 2001","11.81","12.88","12.88","11.61","173.60M","-7.52%"
"Feb 04, 2001","12.77","11.67","13.05","11.17","236.64M","9.80%"
"Jan 28, 2001","11.63","10.59","11.93","10.27","400.67M","8.39%"
"Jan 21, 2001","10.73","10.67","11.00","10.27","172.91M","2.39%"
"Jan 14, 2001","10.48","9.87","10.63","9.87","167.72M","5.54%"
"Jan 07, 2001","9.93","10.40","10.87","9.81","112.57M","-4.98%"
"Dec 31, 2000","10.45","10.83","11.43","10.20","109.33M","-4.13%"
"Dec 24, 2000","10.90","9.70","11.09","9.03","95.27M","14.26%"
"Dec 17, 2000","9.54","9.67","10.92","9.40","152.57M","-2.55%"
"Dec 10, 2000","9.79","10.20","11.60","9.73","152.47M","-2.97%"
"Dec 03, 2000","10.09","9.23","10.20","9.08","113.30M","10.64%"
"Nov 26, 2000","9.12","8.14","9.37","8.03","154.03M","15.01%"
"Nov 19, 2000","7.93","8.40","8.47","7.58","57.75M","-4.34%"
"Nov 12, 2000","8.29","8.16","8.79","8.04","112.33M","-0.60%"
"Nov 05, 2000","8.34","7.57","8.47","7.10","163.63M","11.35%"
"Oct 29, 2000","7.49","7.13","7.58","6.64","38.86M","5.94%"
"Oct 22, 2000","7.07","6.87","7.23","6.57","16.06M","4.74%"
"Oct 15, 2000","6.75","6.80","7.05","6.58","24.18M","4.33%"
"Oct 08, 2000","6.47","6.83","6.99","6.47","22.80M","-3.86%"
"Oct 01, 2000","6.73","6.77","7.29","6.68","28.27M","-2.89%"
"Sep 24, 2000","6.93","7.86","8.15","6.84","38.31M","-9.77%"
"Sep 17, 2000","7.68","8.65","8.67","7.57","28.25M","-12.33%"
"Sep 10, 2000","8.76","9.63","9.71","8.67","29.47M","-7.10%"
"Sep 03, 2000","9.43","8.99","9.53","8.67","37.82M","6.55%"
"Aug 27, 2000","8.85","8.66","9.23","8.66","17.20M","1.49%"
"Aug 20, 2000","8.72","8.33","8.87","8.23","28.28M","6.99%"
"Aug 13, 2000","8.15","7.47","8.33","7.47","24.32M","8.38%"
"Aug 06, 2000","7.52","7.47","7.87","7.41","18.18M","0.94%"
"Jul 30, 2000","7.45","8.00","8.20","7.44","37.83M","-13.17%"
"Jul 23, 2000","8.58","8.33","8.86","7.57","41.15M","0.82%"
"Jul 16, 2000","8.51","9.91","10.11","8.27","41.96M","-14.73%"
"Jul 09, 2000","9.98","9.97","10.26","9.81","59.37M","0.71%"
"Jul 02, 2000","9.91","9.00","9.99","8.90","56.87M","11.35%"
"Jun 25, 2000","8.90","8.33","9.13","8.07","68.06M","2.42%"
"Jun 18, 2000","8.69","8.83","9.93","8.58","106.39M","0.35%"
"Jun 11, 2000","8.66","8.80","9.18","8.34","50.10M","-0.23%"
"Jun 04, 2000","8.68","8.00","8.99","7.82","64.23M","10.86%"
"May 28, 2000","7.83","8.00","8.80","7.75","95.18M","0.51%"
"May 21, 2000","7.79","6.70","7.83","6.61","57.02M","15.07%"
"May 14, 2000","6.77","6.55","7.27","6.53","56.08M","1.20%"
"May 07, 2000","6.69","7.53","7.72","6.64","51.73M","-8.73%"
"Apr 30, 2000","7.33","6.93","7.37","6.47","75.36M","9.57%"
"Apr 23, 2000","6.69","6.50","7.00","5.49","126.95M","5.19%"
"Apr 16, 2000","6.36","7.73","8.16","6.33","100.96M","-20.80%"
"Apr 09, 2000","8.03","8.40","8.73","7.87","74.73M","-1.11%"
"Apr 02, 2000","8.12","8.57","9.00","7.54","93.14M","-2.52%"
"Mar 26, 2000","8.33","8.73","9.08","7.93","47.54M","-3.14%"
"Mar 19, 2000","8.60","8.40","9.46","8.21","56.01M","5.78%"
"Mar 12, 2000","8.13","8.47","8.83","8.02","53.46M","-2.40%"
"Mar 05, 2000","8.33","8.40","9.07","8.07","65.11M","3.09%"
"Feb 27, 2000","8.08","9.86","10.86","8.07","77.28M","-15.22%"
"Feb 20, 2000","9.53","10.00","10.65","9.41","74.26M","-0.42%"
"Feb 13, 2000","9.57","12.20","12.27","9.57","93.30M","-18.41%"
"Feb 06, 2000","11.73","12.60","12.85","11.67","59.42M","-4.87%"
"Jan 30, 2000","12.33","12.83","13.46","11.23","198.46M","-2.14%"
"Jan 23, 2000","12.60","14.60","14.67","12.47","31.31M","-12.07%"
"Jan 16, 2000","14.33","14.57","15.31","14.13","50.06M","1.27%"
"Jan 09, 2000","14.15","15.00","15.48","13.74","41.30M","-1.26%"
"Jan 02, 2000","14.33","14.50","15.26","13.67","44.29M","2.36%"
"Dec 26, 1999","14.00","14.47","14.57","13.68","8.93M","-1.89%"
"Dec 19, 1999","14.27","16.00","16.47","14.00","28.99M","-6.49%"
"Dec 12, 1999","15.26","15.27","15.53","13.65","28.13M","0.73%"
"Dec 05, 1999","15.15","16.67","16.67","15.03","33.00M","-7.23%"
"Nov 28, 1999","16.33","16.87","16.87","15.53","25.67M","-1.21%"
"Nov 21, 1999","16.53","17.13","17.27","16.33","22.31M","-2.59%"
"Nov 14, 1999","16.97","18.13","18.33","16.90","10.07M","-5.77%"
"Nov 07, 1999","18.01","18.13","18.60","17.67","6.26M","0.45%"
"Oct 31, 1999","17.93","18.32","18.33","16.67","17.69M","0.34%"
"Oct 24, 1999","17.87","20.27","20.86","17.85","28.44M","-9.20%"
"Oct 17, 1999","19.68","20.00","21.87","19.60","17.95M","-1.89%"
"Oct 10, 1999","20.06","20.76","21.26","19.33","23.71M","-1.43%"
"Oct 03, 1999","20.35","17.46","20.35","16.87","23.90M","18.80%"
"Sep 26, 1999","17.13","17.40","18.93","16.81","27.65M","0.00%"
"Sep 19, 1999","17.13","17.73","17.87","16.47","37.83M","-1.72%"
"Sep 12, 1999","17.43","18.87","20.85","17.20","24.05M","-9.83%"
"Sep 05, 1999","19.33","20.80","21.20","19.14","12.71M","-6.75%"
"Aug 29, 1999","20.73","21.00","21.33","19.77","25.37M","0.34%"
"Aug 22, 1999","20.66","19.00","21.37","18.71","76.99M","12.28%"
"Aug 15, 1999","18.40","17.90","20.33","17.90","49.38M","4.13%"
"Aug 08, 1999","17.67","17.54","19.67","17.51","52.34M","1.61%"
"Aug 01, 1999","17.39","17.33","18.40","16.47","36.47M","1.87%"
"Jul 25, 1999","17.07","19.33","19.60","16.82","28.93M","-12.33%"
"Jul 18, 1999","19.47","22.33","23.33","19.17","29.27M","-11.50%"
"Jul 11, 1999","22.00","19.33","22.87","19.33","56.79M","16.59%"
"Jul 04, 1999","18.87","16.47","18.97","16.41","54.69M","17.94%"
"Jun 27, 1999","16.00","17.33","17.33","15.87","37.00M","-5.38%"
"Jun 20, 1999","16.91","15.83","16.94","15.25","88.52M","9.10%"
"Jun 13, 1999","15.50","14.14","16.26","13.87","100.33M","6.16%"
"Jun 06, 1999","14.60","14.33","15.33","13.69","69.33M","5.26%"
"May 30, 1999","13.87","13.67","14.31","13.00","37.13M","9.13%"
"May 23, 1999","12.71","13.60","13.93","12.29","38.33M","-6.48%"
"May 16, 1999","13.59","14.67","15.43","13.53","60.75M","-7.24%"
"May 09, 1999","14.65","13.10","15.13","13.10","66.11M","13.04%"
"May 02, 1999","12.96","12.13","12.96","11.47","38.71M","14.69%"
"Apr 25, 1999","11.30","10.88","11.37","9.87","31.45M","-1.99%"
"Apr 18, 1999","11.53","11.50","12.13","11.47","32.95M","-9.43%"
"Apr 11, 1999","12.73","11.40","12.73","10.80","59.28M","12.16%"
"Apr 04, 1999","11.35","14.70","14.70","11.33","87.52M","-27.57%"
"Mar 28, 1999","15.67","15.80","16.52","15.67","35.36M","1.29%"
"Mar 21, 1999","15.47","15.80","16.63","15.40","63.92M","-0.58%"
"Mar 14, 1999","15.56","15.73","16.80","15.48","60.75M","-0.45%"
"Mar 07, 1999","15.63","15.90","17.87","15.51","121.06M","0.64%"
"Feb 28, 1999","15.53","16.47","16.77","15.33","56.78M","-1.15%"
"Feb 21, 1999","15.71","16.27","16.44","15.34","36.57M","-1.01%"
"Feb 14, 1999","15.87","16.37","16.86","15.77","36.00M","-2.28%"
"Feb 07, 1999","16.24","16.13","17.00","15.30","35.01M","1.56%"
"Jan 31, 1999","15.99","16.68","17.45","15.83","26.95M","-6.76%"
"Jan 24, 1999","17.15","17.57","18.53","17.13","25.39M","-2.89%"
"Jan 17, 1999","17.66","17.77","18.60","17.20","27.64M","0.97%"
"Jan 10, 1999","17.49","20.73","20.98","17.47","36.78M","-14.26%"
"Jan 03, 1999","20.40","17.93","21.13","17.33","50.50M","16.24%"
"Dec 27, 1998","17.55","16.86","18.31","16.80","29.85M","6.17%"
"Dec 20, 1998","16.53","16.20","16.92","16.13","15.33M","4.62%"
"Dec 13, 1998","15.80","16.80","17.09","15.67","27.37M","-5.11%"
"Dec 06, 1998","16.65","15.99","16.73","15.95","25.44M","4.65%"
"Nov 29, 1998","15.91","15.23","16.00","14.93","32.43M","3.92%"
"Nov 22, 1998","15.31","17.47","17.53","14.84","30.05M","-11.91%"
"Nov 15, 1998","17.38","17.20","18.19","16.60","31.39M","-1.75%"
"Nov 08, 1998","17.69","16.60","18.56","16.57","41.18M","9.40%"
"Nov 01, 1998","16.17","15.07","16.30","15.07","16.54M","2.54%"
"Oct 25, 1998","15.77","16.53","16.96","15.67","32.66M","0.38%"
"Oct 18, 1998","15.71","15.33","15.94","14.61","20.04M","4.25%"
"Oct 11, 1998","15.07","16.20","16.33","14.20","73.41M","-6.40%"
"Oct 04, 1998","16.10","17.70","17.87","15.77","62.75M","-14.13%"
"Sep 27, 1998","18.75","20.53","20.53","18.33","33.87M","-5.78%"
"Sep 20, 1998","19.90","17.13","20.53","16.47","94.01M","17.27%"
"Sep 13, 1998","16.97","16.99","17.60","16.67","38.86M","1.31%"
"Sep 06, 1998","16.75","16.47","17.11","16.20","27.70M","3.01%"
"Aug 30, 1998","16.26","14.95","16.33","14.75","32.92M","8.84%"
"Aug 23, 1998","14.94","14.67","15.85","14.64","29.67M","3.25%"
"Aug 16, 1998","14.47","14.67","15.03","13.00","71.42M","0.63%"
"Aug 09, 1998","14.38","13.87","15.03","13.61","44.00M","3.98%"
"Aug 02, 1998","13.83","14.13","14.47","13.53","38.08M","-3.76%"
"Jul 26, 1998","14.37","14.67","15.80","13.47","78.20M","-1.71%"
"Jul 19, 1998","14.62","17.67","18.13","14.40","74.90M","-17.03%"
"Jul 12, 1998","17.62","17.00","18.77","15.87","59.88M","4.45%"
"Jul 05, 1998","16.87","15.21","17.37","15.13","46.07M","13.91%"
"Jun 28, 1998","14.81","15.47","16.87","14.69","19.39M","-3.39%"
"Jun 21, 1998","15.33","15.53","15.66","13.07","28.54M","-2.97%"
"Jun 14, 1998","15.80","19.07","19.07","15.39","20.56M","-16.80%"
"Jun 07, 1998","18.99","19.67","21.00","18.53","17.88M","-1.86%"
"May 31, 1998","19.35","24.67","25.53","19.33","36.01M","-19.48%"
"May 24, 1998","24.03","25.47","25.83","23.33","10.23M","-5.58%"
"May 17, 1998","25.45","25.55","26.25","24.87","18.44M","0.71%"
"May 10, 1998","25.27","25.93","26.27","24.20","27.59M","-3.48%"
"May 03, 1998","26.18","26.60","27.13","26.07","22.61M","-0.08%"
"Apr 26, 1998","26.20","27.33","27.47","25.42","12.17M","-2.60%"
"Apr 19, 1998","26.90","28.00","29.03","26.00","40.21M","-2.25%"
"Apr 12, 1998","27.52","26.27","28.13","26.13","37.86M","2.96%"
"Apr 05, 1998","26.73","29.00","29.33","26.53","43.12M","-5.55%"
"Mar 29, 1998","28.30","24.27","28.62","23.57","75.96M","18.02%"
"Mar 22, 1998","23.98","24.53","24.73","23.67","23.70M","1.91%"
"Mar 15, 1998","23.53","21.00","23.63","20.93","29.99M","14.67%"
"Mar 08, 1998","20.52","21.43","21.67","20.13","13.50M","-2.98%"
"Mar 01, 1998","21.15","21.43","21.83","20.40","15.48M","-0.84%"
"Feb 22, 1998","21.33","19.13","21.87","18.81","33.08M","11.50%"
"Feb 15, 1998","19.13","18.80","19.93","18.61","15.30M","1.97%"
"Feb 08, 1998","18.76","19.12","19.40","18.10","11.41M","-2.14%"
"Feb 01, 1998","19.17","18.40","19.47","18.00","26.55M","6.50%"
"Jan 25, 1998","18.00","19.67","19.80","17.27","16.30M","-8.49%"
"Jan 18, 1998","19.67","19.73","20.93","19.35","27.85M","1.55%"
"Jan 11, 1998","19.37","21.33","21.58","18.93","30.05M","-9.99%"
"Jan 04, 1998","21.52","23.47","23.60","21.40","18.50M","-7.24%"
"Dec 28, 1997","23.20","23.13","24.00","22.97","14.60M","1.18%"
"Dec 21, 1997","22.93","23.17","24.17","22.73","15.82M","0.22%"
"Dec 14, 1997","22.88","22.07","23.40","21.47","16.87M","3.91%"
"Dec 07, 1997","22.02","22.43","22.57","20.93","16.38M","-1.70%"
"Nov 30, 1997","22.40","22.63","24.25","22.20","19.64M","-1.23%"
"Nov 23, 1997","22.68","21.12","23.67","20.83","18.05M","6.38%"
"Nov 16, 1997","21.32","23.20","23.20","20.18","28.38M","-5.24%"
"Nov 09, 1997","22.50","23.93","24.35","21.93","18.58M","-5.98%"
"Nov 02, 1997","23.93","24.93","25.00","23.77","11.04M","-4.36%"
"Oct 26, 1997","25.02","25.87","26.07","24.67","1.76M","-4.06%"
"Oct 19, 1997","26.08","26.82","26.82","24.95","15.16M","-2.87%"
"Oct 12, 1997","26.85","25.20","26.87","23.93","15.57M","8.14%"
"Oct 05, 1997","24.83","23.07","25.33","22.93","13.54M","7.96%"
"Sep 28, 1997","23.00","25.13","25.53","22.80","17.05M","-8.18%"
"Sep 21, 1997","25.05","22.78","25.25","22.78","33.47M","10.84%"
"Sep 14, 1997","22.60","25.13","25.50","22.43","22.75M","-8.87%"
"Sep 07, 1997","24.80","25.33","27.20","24.68","16.54M","-2.29%"
"Aug 31, 1997","25.38","25.20","25.93","24.32","10.62M","-1.13%"
"Aug 24, 1997","25.67","27.27","27.77","24.93","6.77M","-7.40%"
"Aug 17, 1997","27.72","27.67","28.80","27.33","6.69M","-0.72%"
"Aug 10, 1997","27.92","31.20","31.67","27.67","7.78M","-6.40%"
"Aug 03, 1997","29.83","29.93","31.00","28.80","6.26M","1.05%"
"Jul 27, 1997","29.52","27.33","29.80","26.00","5.53M","7.15%"
"Jul 20, 1997","27.55","27.07","28.20","27.03","8.30M","1.10%"
"Jul 13, 1997","27.25","25.55","27.48","25.53","13.63M","5.29%"
"Jul 06, 1997","25.88","26.87","27.10","24.72","13.30M","-3.25%"
"Jun 29, 1997","26.75","25.60","28.13","25.13","16.89M","8.43%"
"Jun 22, 1997","24.67","25.80","26.47","24.67","20.53M","-4.56%"
"Jun 15, 1997","25.85","26.07","26.67","24.75","19.05M","-0.77%"
"Jun 08, 1997","26.05","28.53","28.53","25.40","23.04M","-8.21%"
"Jun 01, 1997","28.38","27.97","29.98","27.73","19.59M","1.43%"
"May 25, 1997","27.98","27.55","28.23","27.20","14.42M","1.27%"
"May 18, 1997","27.63","28.20","28.47","27.33","12.53M","-2.26%"
"May 11, 1997","28.27","28.53","28.83","27.75","17.90M","-0.56%"
"May 04, 1997","28.43","27.03","29.00","26.92","26.55M","6.28%"
"Apr 27, 1997","26.75","25.07","26.83","25.07","14.66M","6.49%"
"Apr 20, 1997","25.12","24.80","25.25","24.37","12.21M","1.49%"
"Apr 13, 1997","24.75","24.92","24.98","24.47","9.63M","0.28%"
"Apr 06, 1997","24.68","24.00","25.32","23.80","25.85M","3.61%"
"Mar 30, 1997","23.82","19.07","24.07","19.05","30.61M","12.78%"
"Mar 23, 1997","21.12","21.53","22.00","21.00","4.42M","0.72%"
"Mar 16, 1997","20.97","20.47","21.07","20.13","3.77M","3.81%"
"Mar 09, 1997","20.20","20.42","22.45","19.93","6.50M","3.22%"
"Mar 02, 1997","19.57","18.30","19.57","18.20","4.92M","12.93%"
"Feb 23, 1997","17.33","14.80","17.33","14.50","6.41M","16.15%"
"Feb 16, 1997","14.92","15.07","15.20","14.87","4.68M","-0.33%"
"Feb 09, 1997","14.97","14.83","15.27","14.72","1.09M","1.63%"
"Feb 02, 1997","14.73","14.53","15.05","14.40","1.81M","-0.47%"
"Jan 26, 1997","14.80","15.33","15.67","14.63","3.45M","-1.00%"
"Jan 19, 1997","14.95","14.85","15.50","14.27","4.04M","1.91%"
"Jan 12, 1997","14.67","15.47","16.33","14.43","9.28M","-5.54%"
"Jan 05, 1997","15.53","14.83","15.72","14.82","11.42M","3.53%"
"Dec 29, 1996","15.00","13.90","15.12","13.90","5.06M","8.15%"
"Dec 22, 1996","13.87","14.90","14.90","13.68","2.28M","-7.84%"
"Dec 15, 1996","15.05","14.60","15.37","14.53","20.22M","2.59%"
"Dec 08, 1996","14.67","13.13","15.12","13.13","15.24M","11.98%"
"Dec 01, 1996","13.10","13.03","13.13","11.77","9.88M","0.54%"
"Nov 24, 1996","13.03","12.28","13.47","12.07","5.95M","4.24%"
"Nov 17, 1996","12.50","12.63","12.85","12.18","9.10M","0.56%"
"Nov 10, 1996","12.43","12.23","12.50","12.20","13.52M","2.73%"
"Nov 03, 1996","12.10","11.97","12.23","11.67","2.05M","-0.58%"
"Oct 27, 1996","12.17","12.93","13.47","12.00","3.19M","-4.17%"
"Oct 20, 1996","12.70","12.15","12.87","12.13","13.62M","4.79%"
"Oct 13, 1996","12.12","11.72","12.50","11.63","8.10M","0.00%"
"Oct 06, 1996","12.12","11.60","12.13","10.27","11.53M","5.67%"
"Sep 29, 1996","11.47","11.67","11.93","11.33","4.84M","-4.42%"
"Sep 22, 1996","12.00","11.73","12.05","11.33","5.66M","0.42%"
"Sep 15, 1996","11.95","11.80","12.13","11.70","150.00K","1.44%"
"Sep 08, 1996","11.78","12.33","12.33","11.53","5.98M","-5.15%"
"Sep 01, 1996","12.42","11.93","12.63","11.67","9.61M","5.52%"
"Aug 25, 1996","11.77","10.97","11.80","10.75","5.87M","6.04%"
"Aug 18, 1996","11.10","10.53","11.17","10.08","3.47M","2.59%"
"Aug 11, 1996","10.82","11.40","11.53","10.78","622.50K","-5.67%"
"Aug 04, 1996","11.47","11.67","11.80","10.47","1.63M","-1.29%"
"Jul 28, 1996","11.62","11.80","11.80","11.20","748.50K","-2.92%"
"Jul 21, 1996","11.97","12.23","12.25","11.47","5.32M","-0.42%"
"Jul 14, 1996","12.02","11.98","12.98","11.80","4.77M","0.17%"
"Jul 07, 1996","12.00","12.00","12.18","11.53","5.12M","0.17%"
"Jun 30, 1996","11.98","11.80","12.53","11.67","10.23M","0.08%"
"Jun 23, 1996","11.97","12.07","12.67","11.83","4.00M","1.70%"
"Jun 16, 1996","11.77","12.80","13.18","11.67","6.25M","-4.54%"
"Jun 09, 1996","12.33","11.73","13.32","11.00","7.87M","8.83%"
"Jun 02, 1996","11.33","11.87","12.13","10.93","5.58M","-3.41%"
"May 26, 1996","11.73","12.27","12.53","11.60","4.66M","-4.40%"
"May 19, 1996","12.27","12.40","12.67","12.27","4.50M","-3.16%"
"May 12, 1996","12.67","12.67","12.80","12.27","5.43M","1.12%"
"May 05, 1996","12.53","12.27","12.80","11.73","4.25M","0.00%"
"Apr 28, 1996","12.53","11.73","12.93","11.60","2.93M","4.42%"
"Apr 21, 1996","12.00","10.67","12.27","10.40","6.42M","12.46%"
"Apr 14, 1996","10.67","10.53","10.80","10.13","2.58M","2.60%"
"Apr 07, 1996","10.40","10.40","10.53","9.87","17.32M","10.40%"
"Mar 31, 1996","9.42","8.33","9.83","8.17","3.54M","15.30%"
"Mar 24, 1996","8.17","7.87","8.33","7.67","-","3.81%"
"Mar 17, 1996","7.87","7.53","7.87","7.33","-","1.81%"
"Mar 10, 1996","7.73","7.67","7.87","7.47","-","0.00%"
"Mar 03, 1996","7.73","7.73","7.93","7.53","-","-1.78%"
"Feb 25, 1996","7.87","7.80","7.93","7.33","-","0.00%"
"Feb 18, 1996","7.87","7.53","8.07","7.07","-","0.00%"
"Feb 11, 1996","7.87","7.00","8.33","7.00","-","16.94%"
"Feb 04, 1996","6.73","5.87","6.73","5.33","-","13.49%"
"Jan 28, 1996","5.93","5.33","6.00","5.33","-","6.46%"
"Jan 21, 1996","5.57","5.27","5.60","5.27","-","-1.76%"
"Jan 14, 1996","5.67","5.57","5.67","5.33","-","-1.73%"
"Jan 07, 1996","5.77","5.63","5.93","5.47","-","-0.52%"
"Dec 31, 1995","5.80","5.73","5.80","5.60","-","-1.19%"
"Dec 17, 1995","5.87","5.73","5.87","5.53","-","1.21%"
"Dec 10, 1995","5.80","5.67","5.83","5.67","-","-1.69%"
"Dec 03, 1995","5.90","5.50","5.90","5.07","-","7.27%"
"Nov 26, 1995","5.50","5.33","5.63","5.07","-","3.19%"
"Nov 19, 1995","5.33","5.80","6.20","5.00","-","-6.00%"
"Nov 12, 1995","5.67","5.93","5.93","5.33","-","-1.05%"
"Nov 05, 1995","5.73","6.27","6.33","5.73","-","-8.61%"
"Oct 29, 1995","6.27","6.40","6.40","6.27","-","-0.95%"
"Oct 22, 1995","6.33","6.40","6.40","6.33","-","-3.06%"
"Oct 15, 1995","6.53","6.60","6.60","6.20","-","-2.10%"
"Oct 08, 1995","6.67","7.07","7.07","6.60","-","-4.71%"
"Oct 01, 1995","7.00","7.00","7.33","6.87","-","-0.99%"
"Sep 24, 1995","7.07","6.73","7.27","6.60","2.42M","5.05%"
"Sep 17, 1995","6.73","6.87","6.87","6.53","823.50K","-2.04%"
"Sep 10, 1995","6.87","6.93","7.33","6.87","853.50K","-7.16%"
"Sep 03, 1995","7.40","6.93","7.93","6.67","1.20M","4.67%"
"Aug 27, 1995","7.07","7.07","7.13","6.73","166.50K","-1.81%"
"Aug 20, 1995","7.20","7.53","7.53","7.00","652.50K","-2.70%"
"Aug 13, 1995","7.40","7.47","7.53","7.40","534.00K","-0.94%"
"Aug 06, 1995","7.47","7.60","7.67","7.00","1.04M","-0.80%"
"Jul 30, 1995","7.53","7.67","7.67","7.27","1.02M","0.00%"
"Jul 23, 1995","7.53","7.47","7.80","7.33","1.06M","0.80%"
"Jul 16, 1995","7.47","7.60","7.80","7.47","124.50K","1.91%"
"Jul 09, 1995","7.33","7.33","7.53","7.00","118.50K","0.00%"
"Jul 02, 1995","7.33","7.33","7.73","7.00","-","-9.17%"
"Jun 25, 1995","8.07","7.80","8.07","7.33","-","0.00%"
"Jun 18, 1995","8.07","7.80","8.20","7.60","-","2.54%"
"Jun 11, 1995","7.87","7.80","8.07","7.67","-","0.90%"
"Jun 04, 1995","7.80","8.00","8.07","7.73","-","-1.64%"
"May 28, 1995","7.93","8.07","8.13","7.67","-","-0.88%"
"May 21, 1995","8.00","8.13","8.33","7.93","-","-3.96%"
"May 14, 1995","8.33","7.83","8.67","7.83","-","6.39%"
"May 07, 1995","7.83","7.33","8.00","7.33","-","11.86%"
"Apr 30, 1995","7.00","7.50","7.50","7.00","-","-40.43%"